cdr3aa	incidence
CASSLGTGNSPLHF	33
CASSPGGNSPLHF	33
CASSLTGNSPLHF	31
CASSRGNSPLHF	30
CASSLGRNSPLHF	28
CASSLDRNSPLHF	27
CASSLAGNSPLHF	27
CASSSGQGNSPLHF	26
CASSLGQYNSPLHF	26
CASSPGQYNSPLHF	25
CASSPGNSPLHF	25
CASSLEGGNSPLHF	25
CASSLGQDNSPLHF	24
CASSSGTGNSPLHF	24
CASSSYNSPLHF	24
CASSLSNSPLHF	23
CASSRQGNSPLHF	21
CASSPDRGNSPLHF	21
CASSLENSPLHF	21
CASSLGTANSPLHF	19
CASSLGRDNSPLHF	19
CASSLQGNNSPLHF	19
CASSSGNSPLHF	19
CASSPGTANSPLHF	18
CASSLDYNSPLHF	18
CASSTGQGNSPLHF	18
CASSLGQGGNSPLHF	18
CASSLTGYNSPLHF	18
CASSLTDNSPLHF	18
CASSLGQSNSPLHF	17
CASSPGQGDSPLHF	17
CASRGSYNSPLHF	17
CASSSGSSYNSPLHF	17
CASSPSSYNSPLHF	16
CASSLGGSYNSPLHF	16
CASSLTGDSPLHF	16
CASSLTGGDSPLHF	16
CASSPGGSYNSPLHF	16
CASSPGQGGSPLHF	16
CASSPDNSPLHF	16
CASSLDRANSPLHF	15
CASSLSGTGNSPLHF	15
CASSLGTGDSPLHF	15
CASSFSNSPLHF	15
CASSPGQGGNSPLHF	15
CASSLEGSYNSPLHF	15
CASSLAGYNSPLHF	15
CASSLAYNSPLHF	15
CASSFGNSPLHF	14
CASSPGTGDSPLHF	14
CASSPGQANSPLHF	14
CASSLGQGGSPLHF	14
CASSRDSYNSPLHF	14
CASSLGTGVNSPLHF	13
CASSLEGSPLHF	13
CASSLG_NSPLHF	13
CASSLQSSYNSPLHF	13
CASSLGQTNSPLHF	13
CASSPGQGRSPLHF	13
CASSRQGDSPLHF	13
CASSMGSTDTQYF	13
CASSGTENSPLHF	12
CASSGNSPLHF	12
CASSLEGSNSPLHF	12
CASSLTGNNSPLHF	12
CASSFQGGNSPLHF	12
CASSLEGNNSPLHF	12
CASSSGTANSPLHF	11
CASSLDGSYNSPLHF	11
CASSPTGGDSPLHF	10
CASSLTGSNSPLHF	10
CASSSTGGGSPLHF	10
CASSLVGDSPLHF	10
CASSLRGSYNSPLHF	10
CASSLESSYNSPLHF	10
CASSLEGQGNSPLHF	10
CASTGGNSPLHF	9
CASSRDRDNSPLHF	9
CASSENSPLHF	9
CASSSTGDSPLHF	9
CASSSNNSPLHF	9
CASSRTGNNSPLHF	9
CASSASSYNSPLHF	8
CASSYGNSPLHF	8
CASSPQGSGNTIYF	8
CASSLGTAYNSPLHF	8
CASSGGNSPLHF	8
CASSLVHDTQYF	8
CASSAGNSPLHF	8
CASSLAGSPLHF	7
CASSWDRGNSPLHF	7
CASSANSPLHF	7
CASSLQGSPLHF	7
CASSLGPYNSPLHF	7
CASSEGSSYNSPLHF	7
CASSLMGGSYNEQFF	7
CASSLTDNQPQHF	7
CASSPGNGNQPQHF	7
CASSLGTSSGNTIYF	7
CASSLEGNSPLHF	7
CASSMSGNTIYF	7
CASSLEGYNSPLHF	7
CASSQQMNTEAFF	7
CASSLQSSTDTQYF	7
CASSKGGSGNTIYF	7
CASSRDRNYGYTF	6
CASSPTGGYGYTF	6
CASRGSSYNSPLHF	6
CASSLGGSSGNTIYF	6
CASSLGQGGNTIYF	6
CASSSLNSPLHF	6
CASSLVSSYNSPLHF	6
CASSLVGSSYNSPLHF	6
CASSLGQNSPLHF	6
CASSPGTGSNEQFF	6
CASSLQRGGTEAFF	6
CASSMQGNQPQHF	6
CASSIGSGNTIYF	6
CASSLNGGRETQYF	6
CASSLTGSYNSPLHF	6
CASSPIGGTEAFF	6
CASSDGNSPLHF	6
CASSKRGNEQFF	6
CASSSSNSPLHF	6
CASSSQQNTEAFF	6
CASSPQGGSTEAFF	6
CASSLGQANSPLHF	6
CASSKQMNTEAFF	6
CASSLGGQYGYTF	6
CASSLTGDNSPLHF	6
CASSLVGSYNSPLHF	6
CASSFSGNTIYF	5
CASSLGSSGNTIYF	5
CASRGSGNTIYF	5
CASSLGQGASPLHF	5
CASSLSGSGNTIYF	5
CASSQGSSGNTIYF	5
CASSQGSPLHF	5
CASSLSGSPLHF	5
CASSGTGGYGYTF	5
CASSLDRGGSPLHF	5
CASSLGGTNEKLFF	5
CASSLEQYNSPLHF	5
CASSQGSGNTIYF	5
CASSSDNSPLHF	5
CASSIEGSSYNEQFF	5
CASSSWGYGYTF	5
CASSLAGSYNSPLHF	5
CASSRSG_TDTQYF	5
CASSHTGGYGYTF	5
CASSLYGGYGYTF	5
CASSLGQRNSPLHF	5
CASSLYNSPLHF	5
CASSLGLAYTDTQYF	5
CASSLTYNSPLHF	5
CASSRTSGNTIYF	5
CASSLGTYNSPLHF	5
CASSLGGPQPQHF	5
CASSPAGNTIYF	5
CASSLVGASGNTIYF	5
CASSDQGDQPQHF	5
CASSLQGNSPLHF	5
CASSLGTDNSPLHF	5
CASSLQGSYNSPLHF	5
CASSGSSYNSPLHF	5
CASSRDRANTGELFF	4
CASSLGTANTGELFF	4
CASSPQGGTEAFF	4
CASSLQGANTGELFF	4
CASSTGQGYGYTF	4
CASSPRGDGYTF	4
CASSTGSSGNTIYF	4
CASSPRTGSGNTIYF	4
CASSLG_SPLHF	4
CASSLGVSSGNTIYF	4
CASSLGQAGNTIYF	4
CASSLGTSGNTIYF	4
CASSLGQGAYGYTF	4
CASSLGQSSGNTIYF	4
CASSPGTGNTIYF	4
CASSYSENTEAFF	4
CASSPQGGNTIYF	4
CASSPRGAGNTIYF	4
CASSPSSGNTIYF	4
CASSFQGSGNTIYF	4
CASSQGRGYTF	4
CASSLTGGRNQPQHF	4
CASSPPGGYGYTF	4
CASSGQMNTEAFF	4
CASSRDSSGNTIYF	4
CASRTGGYGYTF	4
CASSGQGGYGYTF	4
CASSQDRNYGYTF	4
CASSTGGYGYTF	4
CASSRASGNTIYF	4
CASSLIGQGNQPQHF	4
CASSALGYGYTF	4
CASSLTSNSPLHF	4
CASSPQRGSYNEQFF	4
CASSLDRGEYNEQFF	4
CASSLTRNYGYTF	4
CASSLNGPGELFF	4
CASSSGTGDSPLHF	4
CASSPAGTGNTIYF	4
CASSLGRYNSPLHF	4
CASSLNTNTGELFF	4
CASSLEFNTEAFF	4
CASSPQGTGNTIYF	4
CASSRDVNQPQHF	4
CASSLTNSPLHF	4
CASSLQGGNSPLHF	4
CASSLRQGSDTQYF	4
CASSLGGDSPLHF	4
CASSSGGNSPLHF	4
CASSLGQNNSPLHF	4
CASSLGQENSPLHF	4
CASSDNSPLHF	4
CASSLGTGYNSPLHF	4
CASSPRGNSPLHF	4
CASSPDGAGNTIYF	4
CASSESSYNSPLHF	4
CASSRTGNSPLHF	4
CASSPMGNYGYTF	4
CASSPGQNSPLHF	4
CASSLGQHNSPLHF	4
CASSLTGPNSPLHF	4
CASSLGYNEKLFF	4
CASSRPSSGNTIYF	4
CASSAGNSNQPQHF	4
CASSNNSPLHF	4
CASSLARGVTEAFF	4
CASSLLGSPLHF	4
CASSKDRNYGYTF	4
CASSRGNNQPQHF	4
CASSQDYNQPQHF	4
CASSPDGNSPLHF	4
CASSLGQINSPLHF	4
CASSLNGSPLHF	4
CASSGTANSPLHF	4
CASRGVGNTIYF	4
CASSLSGQGNSPLHF	4
CASSTGQGGYGYTF	4
CASSLTGFNSPLHF	4
CASSLQAANTGELFF	4
CASSDRYGYTF	4
CASSPGGDSPLHF	4
CASSDLDTGELFF	4
CASSLQGVQPQHF	4
CASSGENSPLHF	4
CASSLVQGSGNTIYF	4
CASSIDRNYGYTF	4
CASSLIGGNTIYF	4
CASSIGQGNTGELFF	4
CASSLTGENSPLHF	4
CASSSPNSPLHF	4
CASSLSYNSPLHF	4
CASSLRSSYNSPLHF	4
CASSLGQPNSPLHF	4
CASSLRQGNTGELFF	3
CASSPDRNYGYTF	3
CASSPGDYGYTF	3
CASSRDSGNTIYF	3
CASSLGLNEKLFF	3
CASSLTGGYGYTF	3
CASSLAGASGNTIYF	3
CASSLDRNYGYTF	3
CASSLGGSGNTIYF	3
CASSIGQGYGYTF	3
CASSPGGTGNTIYF	3
CASSLG_DYGYTF	3
CASSEGANYGYTF	3
CASSLGGATNEKLFF	3
CASSPDGNYGYTF	3
CASSLTDSNQPQHF	3
CASSQGGGYTF	3
CASSQGSNYGYTF	3
CASSPGTGGYGYTF	3
CASSLRGGNEKLFF	3
CASSPRSSGNTIYF	3
CASSQQGNYGYTF	3
CASSEANYGYTF	3
CASSSGNTIYF	3
CASSEGSGNTIYF	3
CASSRDRGGYTF	3
CASSVGGSGNTIYF	3
CASSRGGSGNTIYF	3
CASSPTNYGYTF	3
CASSRDSNYGYTF	3
CASSRTGSGNTIYF	3
CASSLRGSSGNTIYF	3
CASSLGSGNTIYF	3
CASSLRGGNTIYF	3
CASSQGTGGYGYTF	3
CASSPSGGNQPQHF	3
CASSRGNSNQPQHF	3
CASSLQSSGNTIYF	3
CASSPDRAGNTIYF	3
CASSQGYGYTF	3
CASSTGAGNTIYF	3
CASSLGVSGNTIYF	3
CASSPGGGSGNTIYF	3
CASRQGAGNTIYF	3
CASSYSGQGNSPLHF	3
CASSPGRDYGYTF	3
CASSLAGDYGYTF	3
CASSRSGNTIYF	3
CASSLVGSGNTIYF	3
CASSSGGSGNTIYF	3
CASSPTGVGNTIYF	3
CASSLVGGSGNTIYF	3
CASSRDRGEKLFF	3
CASSPGQGEKLFF	3
CASSPGQSGNTIYF	3
CASSRDNQPQHF	3
CASSPAGSGNTIYF	3
CASSPRGGSGNTIYF	3
CASSSQMNTEAFF	3
CASSLKGDTEAFF	3
CASSPRGSGNTIYF	3
CASSPENYGYTF	3
CASSRDRSSYNSPLHF	3
CASRTGSSYNSPLHF	3
CASSIGQGNQPQHF	3
CASSQQGAGNTIYF	3
CASSLSGNTIYF	3
CASSLGPSSGNTIYF	3
CASSLAPYNSPLHF	3
CASSENGNQPQHF	3
CASSIGQGAYGYTF	3
CASSTTRDTQYF	3
CASSLMSGNTIYF	3
CASSLQGYNSPLHF	3
CASSLARSTGELFF	3
CASSPDGVYGYTF	3
CASSLRQGANTGELFF	3
CASSDQGSGNTIYF	3
CASSIGSGYGYTF	3
CASSRDRGRDTQYF	3
CASSTGTANSPLHF	3
CASSASYGYTF	3
CASSSGTNSPLHF	3
CASSPSGGYGYTF	3
CASSQGVGYTF	3
CASSTGGGNYGYTF	3
CASSPGQPGTEAFF	3
CASSLATGNSPLHF	3
CASSPSLAGGTDTQYF	3
CASSSGQGGNSPLHF	3
CASSLTANSPLHF	3
CASSITRDTQYF	3
CASSPAGNSPLHF	3
CASSLSTGNSPLHF	3
CASSPTRNYGYTF	3
CASSESNSPLHF	3
CASSPRQGATGELFF	3
CASSQSSYNSPLHF	3
CASSLE_SPLHF	3
CASSLGTGDNSPLHF	3
CASSLTGGSPLHF	3
CASSLDSNSPLHF	3
CASSVGRGYGYTF	3
CASSPGRPDTQYF	3
CASSPGQDNSPLHF	3
CASSPGRNSPLHF	3
CASSPG_NSPLHF	3
CASSMTNYGYTF	3
CASSFQTGYGYTF	3
CASSGQINTEAFF	3
CASSLGTGANSPLHF	3
CASSPGQGSPLHF	3
CASDSSGNTIYF	3
CASSRITEAFF	3
CASSLDGSNSPLHF	3
CASSLEGPNSPLHF	3
CASSTGQGGNSPLHF	3
CASSPGAGTQYF	3
CASSLEGLNSPLHF	3
CASSSAGDYGYTF	3
CASSGQFNTEAFF	3
CASSLAGRNSPLHF	3
CASSTGGNSPLHF	3
CASSPSGANTEAFF	3
CASSTLGGTEAFF	3
CASSIRTGGTDTQYF	3
CASSLMGLNEKLFF	3
CASAGTGGNQPQHF	3
CASSTKRNTEAFF	3
CASSLGTGVSPLHF	3
CASSLADNSPLHF	3
CASSRSPYNEQFF	3
CASSLEGTNSPLHF	3
CASSLDRYNSPLHF	3
CASSTGSSYNSPLHF	3
CASSPGTNSPLHF	3
CASSLQGSNSPLHF	3
CASSLGTGNNSPLHF	3
CASSWGQLYGYTF	3
CASSAGSSYNSPLHF	3
CASSLEQGNSPLHF	3
CASSLRGNNSPLHF	3
CASSLGRSNSPLHF	3
CASSLTSSYNSPLHF	3
CASSLRGNSPLHF	3
CASSPLGGFTDTQYF	3
CASSLQGRGTDTQYF	3
CASSLGQSYNSPLHF	3
CASSLPGNSPLHF	3
CASSLTEGYGYTF	3
CASSLKSSYNSPLHF	3
CASSKQGSGNTIYF	3
CASSPGQGESPLHF	3
CASSLDRGYTDTQYF	3
CASSLGT_NSPLHF	3
CASSLGGQSGNTIYF	3
CASSLGANSPLHF	3
CASSLVGNSPLHF	3
CASSSFRGETQYF	3
CASSPRGGAGNTIYF	3
CASSQGRSGNTIYF	3
CASSGTGGGNQPQHF	3
CASSPWGQPQHF	3
CASSPGVGSNQPQHF	3
CASSLAGPNSPLHF	3
CASSPRGVGNTIYF	3
CASSSSSYNSPLHF	3
CASSPDRNSPLHF	3
CASSLGR_NSPLHF	3
CASSPG_DYGYTF	3
CASSLASNSPLHF	3
CASSLSGTANSPLHF	3
CASSFQGNSPLHF	3
CASSTGQGAYGYTF	3
CASSRQGNNSPLHF	3
CASSLWYGYTF	3
CASSPGYNSPLHF	3
CASSPGRGSGNTIYF	3
CASSPSGNSPLHF	3
CASSPSGQGYGYTF	3
CASSHNSPLHF	3
CASSPRDRANTGELFF	3
CASSLAGQGTGELFF	3
CASSPGQGPSPLHF	3
CASSPRTGGSGNTIYF	3
CASSPGGYNSPLHF	3
CASSLSQYGYTF	3
CASSLEGDSPLHF	3
CASSQGTANSPLHF	3
CASSIGSSGNTIYF	3
CASSLTGYSPLHF	3
CASSFSGNSPLHF	3
CASSSDSGGTDTQYF	3
CASSQGIGYTF	3
CASSLGNAETQYF	3
CASSSGQGGSPLHF	3
CASSRGGNSPLHF	3
CASSLGTRNSPLHF	3
CASSPYNSPLHF	3
CASSWGSSGNTIYF	3
CASSLEGHNSPLHF	3
CASSLGTAGNSPLHF	3
CASSQGLGYTF	3
CASSRDRVGGYTF	3
CASSTGQRYGYTF	3
CASSEGGITDTQYF	3
CASSRENSPLHF	3
CASSISGGTGELFF	3
CASSL_EGYTF	3
CASSLGRGNSPLHF	3
CASSLDGEQPQHF	3
CASSPGQGTSPLHF	3
CASSAWGYGYTF	2
CASSLGGYGYTF	2
CASSPGQGNQPQHF	2
CASSLGGGNTIYF	2
CASSLGQGTGELFF	2
CASSRGGTGELFF	2
CASSPTRDTQYF	2
CASSLGLATDTQYF	2
CASSPRLAGGTDTQYF	2
CASSPRDRNTGELFF	2
CASSGQGNTGELFF	2
CASSLGGRTGELFF	2
CASSLGGNYGYTF	2
CASSSSGNTIYF	2
CASSLASTGELFF	2
CASSRTGGTDTQYF	2
CASSPGQGNTGELFF	2
CASSPGTGGNTIYF	2
CASSLRGDGYTF	2
CASSP_GYTF	2
CASSRDRNQPQHF	2
CASSLGTGGTDTQYF	2
CASSLGAANTGELFF	2
CASSGQTNTEAFF	2
CASSISGSSYNEQFF	2
CASSLGQYGYTF	2
CASSLGTTNEKLFF	2
CASSFSGNYGYTF	2
CASSTGTGNYGYTF	2
CASSSGTDYGYTF	2
CASSRDRAGNTIYF	2
CASSL_GYTF	2
CASSGTGGNQPQHF	2
CASSGQGNTEAFF	2
CASSLSGQGNQPQHF	2
CASSRSSGNTIYF	2
CASSIGSYGYTF	2
CASSQGQNTGELFF	2
CASSLQMNTEAFF	2
CASSLQGNQPQHF	2
CASSPGQGTGELFF	2
CASSPGQGNTIYF	2
CASSPQGNQPQHF	2
CASSAGYGYTF	2
CASSLDNQPQHF	2
CASSSTSGGTDTQYF	2
CASSPTGGSGNTIYF	2
CASSLGAANYGYTF	2
CASSIGGTGELFF	2
CASSLQGGYGYTF	2
CASSLGGGYGYTF	2
CASSLQGDQPQHF	2
CASSSGQGGNTIYF	2
CASSLSGGNEKLFF	2
CASSLGGGPDTQYF	2
CASSTTGYGYTF	2
CASSLNSGNTIYF	2
CASSLRGGTEAFF	2
CASSSEGYGYTF	2
CASSRQMNTEAFF	2
CASSPQGANTEAFF	2
CASSRTGGNQPQHF	2
CASSP_YGYTF	2
CASSLTGTGNTIYF	2
CASSPRQGNTGELFF	2
CASSESGNTIYF	2
CASSFGENTEAFF	2
CASSFSGSNQPQHF	2
CASSLRGNYGYTF	2
CASRGQGNYGYTF	2
CASSRDGNQPQHF	2
CASSEGGTDTQYF	2
CASSLGRSSGNTIYF	2
CASSPPGNTIYF	2
CASSQGQGDGYTF	2
CASSPGAGNTIYF	2
CASSPGGAGNTIYF	2
CASSPGNSNQPQHF	2
CASSGQGGNQPQHF	2
CASSLARGGTEAFF	2
CASSPPGNYGYTF	2
CASSLGGPGNTIYF	2
CASSLDRAGGYTF	2
CASSLEGEQFF	2
CASSAGSNQPQHF	2
CASSPRTGGNQPQHF	2
CASSGGSGNTIYF	2
CASSLGGAGNQPQHF	2
CASSPGGNYGYTF	2
CASSPTGANEKLFF	2
CASSLQGGGTEAFF	2
CASSQGLSGNTIYF	2
CASSTGRNTEAFF	2
CASSDRGGEKLFF	2
CASSFSGGYGYTF	2
CASSSAGYGYTF	2
CASSPGQGAYGYTF	2
CASSRGQNYGYTF	2
CASSL_YGYTF	2
CASSFQGNQPQHF	2
CASSRYGYTF	2
CASSPLGNTIYF	2
CASSSGTANEKLFF	2
CASSPRGNTGELFF	2
CASSLGGVYGYTF	2
CASSPTGNYGYTF	2
CASSRDNNQPQHF	2
CASSQGGTNEKLFF	2
CSARAGNQPQHF	2
CASSTGYYGYTF	2
CASSGNTIYF	2
CASSLDGGSGNTIYF	2
CASSLEGGGNTIYF	2
CASSFRGDYGYTF	2
CASSPGGSGNTIYF	2
CASSQGQGNEKLFF	2
CASSTNYGYTF	2
CASSSQANTEAFF	2
CASSLTGGGYGYTF	2
CASSLGQSGNTIYF	2
CASSLAGPYNEQFF	2
CASSYSPNTEAFF	2
CASSLGG_SNQPQHF	2
CASSLGRNYGYTF	2
CASSVSGNTIYF	2
CASSAGGSGNTIYF	2
CASSDRGYGYTF	2
CASSIGGTEAFF	2
CASSTDRNTEAFF	2
CASSPGQGYGYTF	2
CASSLVGGSYNEQFF	2
CASSLVGGYGYTF	2
CASSVGGYGYTF	2
CASSLGNEKLFF	2
CASSLGASGNTIYF	2
CASSANYGYTF	2
CASSPPGQGYGYTF	2
CASRPSSGNTIYF	2
CASSLEGADTQYF	2
CASSPPGQGGEKLFF	2
CASSLRQGTDTQYF	2
CSARGSNQPQHF	2
CASSPGTANYGYTF	2
CASSPHRNTEAFF	2
CASSPGPNYGYTF	2
CASSSTGYGYTF	2
CASSAQGGYGYTF	2
CASRQGSGNTIYF	2
CASSPGQGDGYTF	2
CASSQEMNTEAFF	2
CASSPGVGNQPQHF	2
CASSPGQGNEQFF	2
CASSLEMNTEAFF	2
CASSTTGGYGYTF	2
CASSFGQGGYGYTF	2
CASSLDRGRGYTF	2
CASSPSGGSNQPQHF	2
CASSPRTGGTEAFF	2
CASSPLGGTEAFF	2
CASSPGQGGYTF	2
CASSLRGAGNTIYF	2
CASSLGGNTIYF	2
CASSQGRNTEAFF	2
CASSVQMNTEAFF	2
CASSLTRDTQYF	2
CASSGNSNQPQHF	2
CASSRQGGNEKLFF	2
CASSPTGGDGYTF	2
CASSSGRGYGYTF	2
CASSATGYGYTF	2
CASSQDGNTEAFF	2
CASTDSNQPQHF	2
CASSPGQGFGYTF	2
CASSPPGTGELFF	2
CASSSSGGNQPQHF	2
CASSPGTGRTEAFF	2
CASSLNRNYGYTF	2
CASSLWGGNQPQHF	2
CASSLTENYGYTF	2
CASSLTGGGNQPQHF	2
CASSLGGANEKLFF	2
CASSSGQGYGYTF	2
CASSKQGNTEAFF	2
CASSLGGLGTEAFF	2
CASSPQGANYGYTF	2
CASSLEVGEQFF	2
CASSQRTGNTEAFF	2
CASSPRTDGYTF	2
CASRG_GYTF	2
CASSLTRNQPQHF	2
CASSPGTGAYGYTF	2
CASSLGTGAGNTIYF	2
CASSQGPNYGYTF	2
CASSQDGGNTEAFF	2
CASSEISGNTIYF	2
CASSRGGSYNSPLHF	2
CASSLNRNSPLHF	2
CASSQDMGNTEAFF	2
CASSRQGGNSPLHF	2
CASSSGTAYNSPLHF	2
CASRDSYNSPLHF	2
CASSPQSSYNSPLHF	2
CASSRGSSNQPQHF	2
CASSGQGDSPLHF	2
CASSLYRANYGYTF	2
CASSQGQYNSPLHF	2
CASSPRQGDSPLHF	2
CASSLGWNSPLHF	2
CASSPSLRETQYF	2
CASSPELAGYNEQFF	2
CASSQGQGEKLFF	2
CASSLAGPHNEQFF	2
CASSLEQNNSPLHF	2
CASSSSGTGNSPLHF	2
CASSLGQHSGNTIYF	2
CASSLERGGNTIYF	2
CASSPRQDGYTF	2
CASSPTTGYGYTF	2
CASSRGSPLHF	2
CASSPRADGYTF	2
CASSPRGFTGELFF	2
CASSRDRANSPLHF	2
CASSKSSYNSPLHF	2
CASSQTGSSGNTIYF	2
CASSPGQGDNSPLHF	2
CASSRDYNSPLHF	2
CASSLPNSPLHF	2
CASSLGRQNSPLHF	2
CASSFGGIYGYTF	2
CASSLGRLNSPLHF	2
CASSPQGDQETQYF	2
CASSLVG_DYGYTF	2
CASSFRNSPLHF	2
CASSFSGNNQPQHF	2
CASSLGLDNSPLHF	2
CASSQHRNTEAFF	2
CASSQSNSPLHF	2
CASSRLTGNTEAFF	2
CASSSGQDNSPLHF	2
CASSLSDRTEAFF	2
CASSVTGDSPLHF	2
CASSLNGNSPLHF	2
CASSLPGTANSPLHF	2
CASSLHNSPLHF	2
CASSLMGTGNSPLHF	2
CASSLRTGNSPLHF	2
CASSPSGGRNQPQHF	2
CASSPGQLGNTIYF	2
CASSLDPNSPLHF	2
CASRAGSSYNSPLHF	2
CASSFDRGNSPLHF	2
CASSRGQSNTEAFF	2
CASSQTGDSPLHF	2
CASSPRGQGNTGELFF	2
CASSLSLSPLHF	2
CASSLGGGDSPLHF	2
CASSLELGEQFF	2
CASSPGQFNEQFF	2
CASSSSGGASYNEQFF	2
CASSIDRGNSPLHF	2
CASSLDGQYNSPLHF	2
CASSPRTGNGNTIYF	2
CASSIGGRTGELFF	2
CASSPGGQNYGYTF	2
CASSLTGESPLHF	2
CASSLAGANSPLHF	2
CASSLANNSPLHF	2
CASSLGQGKSPLHF	2
CASSTGKGYGYTF	2
CASSPGQSYNSPLHF	2
CASSPTGGGSPLHF	2
CASSQEGSPLHF	2
CASSLGTGWSPLHF	2
CASSLGGRYTF	2
CASSFRGNSPLHF	2
CASSPGINSPLHF	2
CASSFSGQGYGYTF	2
CASSLG_GSPLHF	2
CASSLGFYNSPLHF	2
CASSLVNSPLHF	2
CASGSYNSPLHF	2
CASSDRGPTDTQYF	2
CASSPGTGRYGYTF	2
CASSLSGGNSPLHF	2
CASSSNTIYF	2
CASSRTSGGANEQFF	2
CASSLDRGSPLHF	2
CASSQPTGGYGYTF	2
CASSGDRGGNQPQHF	2
CASSRDSSYNSPLHF	2
CASSIQGANTGELFF	2
CASSFGQGGNYGYTF	2
CASRGNSGNTIYF	2
CASKRDGNQPQHF	2
CASSGGSYNSPLHF	2
CASSRSYNSPLHF	2
CASSRSGGNEKLFF	2
CASSLRQGLTGELFF	2
CASSGQTGGYGYTF	2
CASGSSYNSPLHF	2
CASSLDRGRDGYTF	2
CASSASGQGNYGYTF	2
CASSVGQYNSPLHF	2
CASSLAGTGNSPLHF	2
CASSLGTEKLFF	2
CASSEGSNYGYTF	2
CASRGNSPLHF	2
CASSGTGHYGYTF	2
CASSTGQGASPLHF	2
CASSSPSSYNSPLHF	2
CASSQGDRGYTF	2
CASSQNTGNTEAFF	2
CASSMSGGNQPQHF	2
CASSPGGSNSPLHF	2
CASSSGQGRSPLHF	2
CASSWGQYNSPLHF	2
CASSLGGYSGNTIYF	2
CASSRDANYGYTF	2
CASSKEMNTEAFF	2
CASSRDSGETQYF	2
CASSPTGANQPQHF	2
CASSRTGGDSPLHF	2
CASSLGHNSPLHF	2
CASSLVGTGGTDTQYF	2
CASSDRGGNEKLFF	2
CASSLGQAGGNTIYF	2
CASSDDQPQHF	2
CASSLGTGRNSPLHF	2
CASSEESSYNSPLHF	2
CASSSQGPNTGELFF	2
CASSLAGDGYGYTF	2
CASSIGGQGNQPQHF	2
CASSPTGGNSPLHF	2
CASSLQGQGGNTIYF	2
CASSP_NGYTF	2
CASTPGGNSPLHF	2
CASSPDYNSPLHF	2
CASSFPQGGTEAFF	2
CASSAGQGNSPLHF	2
CASSFQNSPLHF	2
CASSRQGASPLHF	2
CASSPGQISGNTIYF	2
CASSLSRSPLHF	2
CASSLSEGSPLHF	2
CASSAHRNTEAFF	2
CASSPGQGRGSPLHF	2
CASSLGQGNNSPLHF	2
CASSPASSYNSPLHF	2
CASSWGQGNSPLHF	2
CASRPSSYNSPLHF	2
CASSVDRGNSPLHF	2
CASSPSVSTDTQYF	2
CASSLRAGNTIYF	2
CASSPGG_NTGELFF	2
CASSSGTNNSPLHF	2
CASSLGQ_DYGYTF	2
CASSLGPGNSPLHF	2
CASSPDRGGSPLHF	2
CASSHGQGGSPLHF	2
CASSLERSPLHF	2
CASSLDVGNYGYTF	2
CASSLGTGKNSPLHF	2
CASSPGTGIGYGYTF	2
CASSSAYNSPLHF	2
CASSADRGNSPLHF	2
CASSAQGVTEAFF	2
CASSPRGFGNTIYF	2
CASSLGG_GPDTQYF	2
CASDRGGTGELFF	2
CASSPGQGRNSPLHF	2
CASSLPDNSPLHF	2
CASSTLGGELFF	2
CASSLEGAGNSPLHF	2
CASSFASGNTIYF	2
CASSIVGGYGYTF	2
CASSWDRNSPLHF	2
CASSPEYGYTF	2
CASSTTGKYGYTF	2
CASSPGLGDSPLHF	2
CASSPPGLYNEQFF	2
CASSETDSNQPQHF	2
CASSSRQGNSPLHF	2
CASSPQGFGNTIYF	2
CASSLDQNSPLHF	2
CASSYSEPNTEAFF	2
CASSLGQGVNSPLHF	2
CASSLDRASPLHF	2
CASSIGQGSYGYTF	2
CASSMAGSNQPQHF	2
CASSFLGHNEQFF	2
CASSDGSSYNSPLHF	2
CASSPSGNNQPQHF	2
CASSISNSPLHF	2
CASSPRQGRNQPQHF	2
CASSLGQGTGETQYF	2
CASSELGANYGYTF	2
CASSLGTGPNSPLHF	2
CASSMRGDYGYTF	2
CASSSDYNSPLHF	2
CASSRG_NSPLHF	2
CASSIGQGGNSPLHF	2
CASSPEGTGNTIYF	2
CASSTRYGYTF	2
CASSPGMDYGYTF	2
CASSPQGAYTEAFF	2
CASSRNNSPLHF	2
CASSLGQAYNSPLHF	2
CASSRANSPLHF	2
CASSLRTGDSPLHF	2
CASSLMNSPLHF	2
CASSAGQGGNSPLHF	2
CASSRRVTGELFF	2
CASSQQPNYGYTF	2
CASSLVGISGNTIYF	2
CASSEGQYNSPLHF	2
CASSPTAGNTEAFF	2
CASSLRDNSPLHF	2
CASSRDFSGNTIYF	2
CASTGQGNSPLHF	2
CASSPKSSGNTIYF	2
CASSRDRGEYGYTF	2
CASSISAGSSYNEQFF	2
CASSPGQAGSPLHF	2
CATSRGQGNYGYTF	2
CASSPGGRSPLHF	2
CASSLGQGVSPLHF	2
CASSKSNSPLHF	2
CASSLSENSPLHF	2
CASWTDSNQPQHF	2
CASSRDGMNTEAFF	2
CASSGRTSGNTGELFF	2
CASSQGGNSPLHF	2
CASSWDRAGNTIYF	2
CASSKGQGTGELFF	2
CASSYSSYNSPLHF	2
CASTLGGNTIYF	2
CASSPGPVNYGYTF	2
CASSLKLDTEAFF	2
CASEGSGNTIYF	2
CASSPPSLDTQYF	2
CASSPGQVGTGELFF	2
CASSQGPSNYGYTF	2
CASSPGNNSPLHF	2
CASSFGQGGSPLHF	2
CASSLTGVSPLHF	2
CASSLKGNSPLHF	2
CASSLESPLHF	2
CASSPQQGNQPQHF	2
CASSLRQGGGTEAFF	2
CASSLTGASPLHF	2
CASSPPRGGYGYTF	2
CASSPGLNSPLHF	2
CASSLYGTANTEAFF	2
CASSLSDPSTDTQYF	2
CASSIRTGGNQPQHF	2
CASSVGGVSGNTIYF	2
CASTRGNSPLHF	2
CASQDSYNEQFF	2
CASSSQSSYNSPLHF	2
CASSLGQGAGSPLHF	2
CASSMDRGNSPLHF	2
CASSIGGTNEKLFF	2
CASSGRGGSGNTIYF	2
CASSFLSGNTIYF	2
CASSMGQGDGYTF	2
CASSLLGSNSPLHF	2
CASSLDRQNSPLHF	2
CASSATGDSPLHF	2
CASSPSQGSGNTIYF	2
CASSLVGGKLFF	2
CASSFGQGGNTIYF	2
CASSQASGNTIYF	2
CASSLGTGTSPLHF	2
CASSLGGARTGELFF	2
CASSEGSYNSPLHF	2
CASSLEGDGNQPQHF	2
CASSLRGVSSGNTIYF	2
CASSEAVYGYTF	2
CASRGTPNQPQHF	2
CASSPESSYNSPLHF	2
CASSQGQGGNSPLHF	2
CASSSGGVGNTIYF	2
CASSPLTGDSPLHF	2
CASSLNYNSPLHF	2
CASSRDNSGNTIYF	2
CASSDQGSPLHF	2
CASSSGTDNSPLHF	2
CASSPGQPNSPLHF	2
CASSSRGNSPLHF	2
CASSHGQGNSPLHF	2
CASSPGQINSPLHF	2
CASSLGFNSPLHF	2
CASSSQGDSPLHF	2
CASSSGSGNSPLHF	2
CASSLDMNSPLHF	2
CASSLAGISPLHF	2
CASSLGTGINSPLHF	2
CASSRDRNSPLHF	2
CASSGNNSPLHF	2
CASSTGEYGYTF	2
CASSLQTGNSPLHF	2
CASSEGGNSPLHF	2
CASSMRGDGYTF	2
CASSTDNQPQHF	2
CASSPQGYGNTIYF	2
CASSPGQFNSPLHF	2
CASSLVGTGNSPLHF	2
CASSLAGVSGNTIYF	2
CASSRQGSSPLHF	2
CASSLTGLDSPLHF	2
CASSLGLNSPLHF	2
CASSPGTGGDSPLHF	2
CASSLEGIDGYTF	2
CASSGQGGSPLHF	2
CASSSGYNSPLHF	2
CASSPGPYNSPLHF	2
CASSWDRDNSPLHF	2
CASSLGTGGDSPLHF	2
CASSLREGNEKLFF	2
CASSHGQGDGYTF	2
CASSRDGGSGNTIYF	2
CASSSGTGVNSPLHF	2
CASSMGTTNEKLFF	2
CASSMGG_QETQYF	2
CASSRGRNSPLHF	2
CASSSQAGTEAFF	2
CASSLDRSNSPLHF	2
CASSLGTNNSPLHF	2
CASSPPGIYGYTF	2
CASSLEVGGYTF	2
CASSLDRVNSPLHF	2
CASSPTNSPLHF	2
CASSPGQGANSPLHF	2
CASRDRANTGELFF	2
CASSVQGGNTIYF	2
CASSLASYNSPLHF	2
CASSLVWGNQPQHF	2
CASSPRLAGGSYNEQFF	2
CASSPHNYGYTF	2
CASSLGAGNSPLHF	2
CASSQENSPLHF	2
CASSDSNSPLHF	2
CASSLDGSSYNSPLHF	2
CASSIGTGDSPLHF	2
CASSLDLNSPLHF	2
CASSLGLGTNEKLFF	2
CASSSNYNSPLHF	2
CASSRDINYGYTF	2
CASSLRGGSYNSPLHF	2
CASSQGDSPLHF	2
CASSLGGITNEKLFF	2
CASSPGQNNSPLHF	2
CASSPSGQGNSPLHF	2
CASSPGQVNSPLHF	2
CASSMGQGNSPLHF	2
CASSLLEGADTQYF	2
CASSSGTVNSPLHF	2
CASSFTNSPLHF	2
CASSPQGDSPLHF	2
CASSLGGAGNEKLFF	2
CASRSYNSPLHF	2
CASSLPGGNSPLHF	2
CASSLTGGGSPLHF	2
CASSFGTGNSPLHF	2
CASSVGQGNSPLHF	2
CASSLGQTYNSPLHF	2
CASSLGTADSPLHF	2
CASSPGIDQPQHF	2
CASSIGSDYGYTF	2
CASSLAGSSPLHF	2
CASSLGFGGNTIYF	2
CASSESGGELFF	2
CASSSTSGKTDTQYF	2
CASSLEGGYNSPLHF	2
CASSLAVNSPLHF	2
CASSGQYNSPLHF	2
CASRQQGAGNTIYF	2
CASSGGQGNSPLHF	2
CASSLEGSTYGYTF	2
CASSQGQGGSPLHF	2
CASSKGQYNSPLHF	2
CASSLTTNSPLHF	2
CASSLGHDNSPLHF	2
CASSLQAGPYNEQFF	2
CASSSPGQGNTIYF	2
CASSASGTGNSPLHF	2
CASRQGASGNTIYF	2
CASSPGDRNTGELFF	2
CASSLVGGDSPLHF	2
CASSLVGGFYNEQFF	2
CASSLVAGGDTDTQYF	2
CASSLTGTGDSPLHF	2
CASRRQGNEKLFF	2
CASSK_GYTF	2
CASSSGQNSPLHF	2
CASSQDIGNTEAFF	2
CASSVSNSPLHF	2
CASSLDRNNSPLHF	2
CASSSE_YGYTF	2
CASSFGLENTEAFF	2
CASSLGGTGNSPLHF	2
CASSIGTGNSPLHF	2
CASSPGTRGNTIYF	2
CASSLQRGNYGYTF	2
CASSLSGYNSPLHF	2
CASSLEIGEQFF	2
CASSLTGSRNQPQHF	2
CASSLGRPNSPLHF	2
CASSTQSSGNTIYF	2
CAWSLREKLFF	2
CASRTSGPSYNEQFF	2
