	mean_dist	n_cluster
CASSLGQSYEQYF	2.8582089552238807	0_cluster
CASSLLGYEQYF	2.9347014925373136	0_cluster
CASSLGQRYEQYF	3.220149253731343	0_cluster
CASSLGPSYEQYF	2.9440298507462686	0_cluster
CASSQDRSYEQYF	3.5597014925373136	0_cluster
CASSRDGSYEQYF	3.1194029850746268	0_cluster
CASSLGQGYEQYF	2.8582089552238807	0_cluster
CASSLGQAYEQYF	3.1455223880597014	0_cluster
CASSLGGSYEQYF	2.583955223880597	0_cluster
CASSLGGSYEQYF	2.583955223880597	0_cluster
CASSQDRGYEQYF	3.514925373134328	0_cluster
CASSLGNSYEQYF	2.9906716417910446	0_cluster
CASSQDRAYEQYF	3.845149253731343	0_cluster
CASSLGSGYEQYF	2.8152985074626864	0_cluster
CASSLGSAYEQYF	3.078358208955224	0_cluster
CASSPDRSYEQYF	3.4832089552238807	0_cluster
CASSQDSYEQYF	3.2332089552238807	0_cluster
CASSRDSYEQYF	3.263059701492537	0_cluster
CASSLGDSYEQYF	2.9309701492537314	0_cluster
CASSQGGSYEQYF	2.8936567164179103	0_cluster
CASSLTGSYEQYF	2.837686567164179	0_cluster
CASSLRGYEQYF	2.8115671641791047	0_cluster
CASSRGYEQYF	2.873134328358209	0_cluster
CASSTGYEQYF	2.9291044776119404	0_cluster
CASSLGVSYEQYF	2.986940298507463	0_cluster
CASSLDRSYEQYF	3.2425373134328357	0_cluster
CASSLGGNYEQYF	2.916044776119403	0_cluster
CASSLAGYEQYF	2.8638059701492535	0_cluster
CASSLGQTYEQYF	3.1772388059701493	0_cluster
CASSLGQTYEQYF	3.1772388059701493	0_cluster
CASSLGRSYEQYF	2.8955223880597014	0_cluster
CASSLSGTYEQYF	3.1343283582089554	0_cluster
CASSQGYEQYF	2.871268656716418	0_cluster
CASSYGYEQYF	3.0205223880597014	0_cluster
CASSLEGSYEQYF	2.9291044776119404	0_cluster
CASSLGGAYEQYF	2.871268656716418	0_cluster
CASSGDSYEQYF	2.951492537313433	0_cluster
CASSRGGSYEQYF	2.871268656716418	0_cluster
CASSSDRAYEQYF	3.8227611940298507	0_cluster
CASSFGQGSYEQYF	3.4888059701492535	0_cluster
CASSLGPAYEQYF	3.2332089552238807	0_cluster
CASSLPGYEQYF	2.873134328358209	0_cluster
CASSLDGSYEQYF	2.826492537313433	0_cluster
CASSFGQGGYEQYF	3.779850746268657	0_cluster
CASSDGYEQYF	2.906716417910448	0_cluster
CASSLGQNYEQYF	3.1921641791044775	0_cluster
CASSLGQFYEQYF	3.2313432835820897	0_cluster
CASSVGYEQYF	3.0074626865671643	0_cluster
CASSLTGYEQYF	2.8208955223880596	0_cluster
CASSPDSYEQYF	3.2276119402985075	0_cluster
CASSLPGSYEQYF	2.8824626865671643	0_cluster
CASSLGQIYEQYF	3.235074626865672	0_cluster
CASSPGYEQYF	2.888059701492537	0_cluster
CASSLGQYYEQYF	3.2332089552238807	0_cluster
CASSLEGYEQYF	2.9291044776119404	0_cluster
CASSLGSSYEQYF	2.908582089552239	0_cluster
CASSLGQVYEQYF	3.218283582089552	0_cluster
CASSLGQPYEQYF	3.1884328358208953	0_cluster
CASSLDGYEQYF	2.8078358208955225	0_cluster
CASSQGPSYEQYF	3.220149253731343	0_cluster
CASSSQGGEQYF	3.925373134328358	0_cluster
CASSFRGYEQYF	3.139925373134328	0_cluster
CASSLGRGYEQYF	2.9011194029850746	0_cluster
CASSLGHSYEQYF	3.0186567164179103	0_cluster
CASSSDSYEQYF	3.2705223880597014	0_cluster
CASSPGQGPYEQYF	3.7257462686567164	0_cluster
CASSLGLSYEQYF	2.986940298507463	0_cluster
CASSIGYEQYF	3.048507462686567	0_cluster
CASSLGTGYEQYF	2.8805970149253732	0_cluster
CASSEGGSYEQYF	2.9309701492537314	0_cluster
CASSLSGGYEQYF	3.048507462686567	0_cluster
CASSSPGYEQYF	3.16044776119403	0_cluster
CASSLSQGYEQYF	3.1791044776119404	0_cluster
CASSLGLAYEQYF	3.2723880597014925	0_cluster
CASSAGYEQYF	2.968283582089552	0_cluster
CASSQDSSYEQYF	3.5690298507462686	0_cluster
CASSSGLAYEQYF	3.533582089552239	0_cluster
CASSLGGGYEQYF	2.8190298507462686	0_cluster
CASSLGFSYEQYF	3.0074626865671643	0_cluster
CASSLAGGYEQYF	3.095149253731343	0_cluster
CASSEGYEQYF	3.001865671641791	0_cluster
CASSLGTSYEQYF	2.878731343283582	0_cluster
CASSRDGPYEQYF	3.4272388059701493	0_cluster
CASSPGSSYEQYF	3.1343283582089554	0_cluster
CASSHGYEQYF	3.0522388059701493	0_cluster
CASSGDGYEQYF	2.8544776119402986	0_cluster
CASSLTGNYEQYF	3.175373134328358	0_cluster
CASSLGYEQYF	2.658582089552239	0_cluster
CASSLGGVYEQYF	2.9440298507462686	0_cluster
CASSWDSYEQYF	3.3582089552238807	0_cluster
CASSLGRAYEQYF	3.1809701492537314	0_cluster
CASSPGLAYEQYF	3.4888059701492535	0_cluster
CASSLGTGGYEQYF	3.4888059701492535	0_cluster
CASSLGTGGYEQYF	3.4888059701492535	0_cluster
CASSLDRGTYEQYF	3.7574626865671643	0_cluster
CASSRDTYEQYF	3.5167910447761193	0_cluster
CASSLAGSYEQYF	2.876865671641791	0_cluster
CASSTDSYEQYF	3.2574626865671643	0_cluster
CASSLDRGYEQYF	3.199626865671642	0_cluster
CASSRNYEQYF	3.548507462686567	0_cluster
CASSLGISYEQYF	3.0167910447761193	0_cluster
CASSYSTGSYEQYF	3.824626865671642	0_cluster
CASSYGTGGYEQYF	3.83955223880597	0_cluster
CASSFDRAYEQYF	3.8507462686567164	0_cluster
CASSLDTYEQYF	3.2388059701492535	0_cluster
CASSSGRAYEQYF	3.453358208955224	0_cluster
CASSLGASYEQYF	2.9720149253731343	0_cluster
CASSGGYEQYF	2.8059701492537314	0_cluster
CASSPDGSYEQYF	3.0727611940298507	0_cluster
CASSLRDSYEQYF	3.3078358208955225	0_cluster
CASSSPPYEQYF	3.7108208955223883	0_cluster
CASSLNGYEQYF	2.949626865671642	0_cluster
CASSLAGTGSYEQYF	3.986940298507463	0_cluster
CASSRDRYEQYF	3.5578358208955225	0_cluster
CASSLGRNYEQYF	3.2313432835820897	0_cluster
CASSLEQGYEQYF	3.246268656716418	0_cluster
CASSPDSSYEQYF	3.4925373134328357	0_cluster
CASSPGRAYEQYF	3.408582089552239	0_cluster
CASSPRGSYEQYF	3.091417910447761	0_cluster
CASSLGQASYEQYF	3.5634328358208953	0_cluster
CASSLKGYEQYF	2.966417910447761	0_cluster
CASSQGLAYEQYF	3.548507462686567	0_cluster
CASSQGGEQYF	3.6138059701492535	0_cluster
CASSGQSYEQYF	2.9328358208955225	0_cluster
CASSQDRGSYEQYF	3.7723880597014925	0_cluster
CASSLIGYEQYF	2.962686567164179	0_cluster
CASSLVGYEQYF	2.9272388059701493	0_cluster
CASSLVGYEQYF	2.9272388059701493	0_cluster
CASSLFGYEQYF	2.955223880597015	0_cluster
CASSLGQGPYEQYF	3.4925373134328357	0_cluster
CASSLGQLYEQYF	3.2294776119402986	0_cluster
CASSLGEGYEQYF	3.0093283582089554	0_cluster
CASSFGQGPYEQYF	3.8152985074626864	0_cluster
CASSLGTAYEQYF	3.167910447761194	0_cluster
CASSFGYEQYF	2.9906716417910446	0_cluster
CASSLAGAYEQYF	3.1902985074626864	0_cluster
CASSLGAAYEQYF	3.2891791044776117	0_cluster
CASSYAYEQYF	3.6175373134328357	0_cluster
CASSLWGYEQYF	2.962686567164179	0_cluster
CASSLEGGSYEQYF	3.3675373134328357	0_cluster
CASSLAGVSYEQYF	3.574626865671642	0_cluster
CASSRDRSYEQYF	3.544776119402985	0_cluster
CASSLQGYEQYF	2.781716417910448	0_cluster
CASSLQGYEQYF	2.781716417910448	0_cluster
CASSKGYEQYF	3.0522388059701493	0_cluster
CASSYNYEQYF	3.720149253731343	0_cluster
CASSPGRSYEQYF	3.123134328358209	0_cluster
CASSLAQGYEQYF	3.205223880597015	0_cluster
CASSTSYEQYF	3.2276119402985075	0_cluster
CASSEGPSYEQYF	3.2891791044776117	0_cluster
CASSLSGGEQYF	3.623134328358209	0_cluster
CASSLSGGEQYF	3.623134328358209	0_cluster
CASSPGPSSYEQYF	3.906716417910448	0_cluster
CASSPGTSYEQYF	3.1063432835820897	0_cluster
CASSQDRYEQYF	3.5242537313432836	0_cluster
CASSQGREQYF	3.751865671641791	0_cluster
CASSPDRAYEQYF	3.7686567164179103	0_cluster
CASSYGTGSYEQYF	3.548507462686567	0_cluster
CASSLGDGYEQYF	2.9347014925373136	0_cluster
CASSRSYEQYF	3.1772388059701493	0_cluster
CASSADSYEQYF	3.3022388059701493	0_cluster
CASSLVGSYEQYF	2.9347014925373136	0_cluster
CASSLGDSSYEQYF	3.5858208955223883	0_cluster
CASSQGTGGYEQYF	3.8022388059701493	0_cluster
CASSQNYEQYF	3.533582089552239	0_cluster
CASSYDSYEQYF	3.343283582089552	0_cluster
CASSLSGYEQYF	2.791044776119403	0_cluster
CASSSLGEQYF	3.9440298507462686	0_cluster
CASSPGLAGYEQYF	3.906716417910448	0_cluster
CASSSGQGGYEQYF	3.7555970149253732	0_cluster
CASSTTGYEQYF	3.203358208955224	0_cluster
CASSAGGSYEQYF	2.916044776119403	0_cluster
CASSQDGYEQYF	3.121268656716418	0_cluster
CASSTAYEQYF	3.503731343283582	0_cluster
CASSRGQGPYEQYF	3.800373134328358	0_cluster
CASSLGGYEQYF	2.5522388059701493	0_cluster
CASSLSSGSYEQYF	3.574626865671642	0_cluster
CASSLLGSYEQYF	2.9477611940298507	0_cluster
CASSGDTYEQYF	3.2686567164179103	0_cluster
CASSFTGYEQYF	3.1492537313432836	0_cluster
CASSSGSSYEQYF	3.212686567164179	0_cluster
CASSAGTGPYEQYF	3.860074626865672	0_cluster
CASSLASSYEQYF	3.3041044776119404	0_cluster
CASSAGQGSYEQYF	3.501865671641791	0_cluster
CASSQSYEQYF	3.16044776119403	0_cluster
CASSPPSSYEQYF	3.6063432835820897	0_cluster
CASSPRGAYEQYF	3.3843283582089554	0_cluster
CASSYSYEQYF	3.345149253731343	0_cluster
CASSFPGYEQYF	3.199626865671642	0_cluster
CASSLRPYEQYF	3.296641791044776	0_cluster
CASSLAGRSYEQYF	3.501865671641791	0_cluster
CASSLAGRSYEQYF	3.501865671641791	0_cluster
CASSLGGGSYEQYF	3.248134328358209	0_cluster
CASSLDSYEQYF	2.986940298507463	0_cluster
CASSLGSPYEQYF	3.121268656716418	0_cluster
CASSQLYEQYF	3.5391791044776117	0_cluster
CASSSGYEQYF	2.8955223880597014	0_cluster
CASSFRGAYEQYF	3.46455223880597	0_cluster
CASSLAQSYEQYF	3.251865671641791	0_cluster
CASSQVRGYEQYF	3.6194029850746268	0_cluster
CASSPGQGGYEQYF	3.6977611940298507	0_cluster
CASSFGSSYEQYF	3.2332089552238807	0_cluster
CASSLGRDYEQYF	3.246268656716418	0_cluster
CASSLGSSSYEQYF	3.703358208955224	0_cluster
CASSLTGTAYEQYF	3.7891791044776117	0_cluster
CASSLTGTAYEQYF	3.7891791044776117	0_cluster
CASSLGQDYEQYF	3.216417910447761	0_cluster
CASSLVGTYEQYF	3.2276119402985075	0_cluster
CASSETGYEQYF	3.173507462686567	0_cluster
CASSQGQGSYEQYF	3.5093283582089554	0_cluster
CASSPSGYEQYF	3.031716417910448	0_cluster
CASSLDRAYEQYF	3.5279850746268657	0_cluster
CASSLGGRYEQYF	2.9384328358208953	0_cluster
CASSTYYEQYF	3.6511194029850746	0_cluster
CASSQAYEQYF	3.4347014925373136	0_cluster
CASSLGTTYEQYF	3.2332089552238807	0_cluster
CASSPGPNYEQYF	3.5223880597014925	0_cluster
CASSLGGTYEQYF	2.8973880597014925	0_cluster
CASSQDYEQYF	3.425373134328358	0_cluster
CASSPGVSYEQYF	3.21455223880597	0_cluster
CASSLDLYEQYF	3.3507462686567164	0_cluster
CASSRDRAYEQYF	3.832089552238806	0_cluster
CASSSGTVYEQYF	3.5186567164179103	0_cluster
CASSGGGYEQYF	2.8805970149253732	0_cluster
CASSPRQGSYEQYF	3.656716417910448	0_cluster
CASSRTDSYEQYF	3.587686567164179	0_cluster
CASSRDSSYEQYF	3.544776119402985	0_cluster
CASSLARSYEQYF	3.294776119402985	0_cluster
CASSLDSSYEQYF	3.251865671641791	0_cluster
CASSYPGSYEQYF	3.235074626865672	0_cluster
CASSLANSYEQYF	3.3955223880597014	0_cluster
CASSLRGGEQYF	3.6529850746268657	0_cluster
CASSLGGLYEQYF	2.955223880597015	0_cluster
CASSPRSSYEQYF	3.5391791044776117	0_cluster
CASSLGPNYEQYF	3.2779850746268657	0_cluster
CASSLAGNYEQYF	3.21455223880597	0_cluster
CASSQGTGSYEQYF	3.5074626865671643	0_cluster
CASSPGTSSYEQYF	3.791044776119403	0_cluster
CASSPRTGYEQYF	3.453358208955224	0_cluster
CASSPTSSYEQYF	3.5055970149253732	0_cluster
CASSWDRAYEQYF	3.8936567164179103	0_cluster
CASSEGGEQYF	3.6902985074626864	0_cluster
CASSPDRGYEQYF	3.4384328358208953	0_cluster
CASSLAGDSYEQYF	3.5242537313432836	0_cluster
CASSLAGTYEQYF	3.166044776119403	0_cluster
CASSPGDSYEQYF	3.158582089552239	0_cluster
CASSSSGYEQYF	3.125	0_cluster
CASSSLGYEQYF	3.139925373134328	0_cluster
CASSLRGSYEQYF	2.845149253731343	0_cluster
CASSIGQGSYEQYF	3.544776119402985	0_cluster
CASSLGQGSYEQYF	3.166044776119403	0_cluster
CASSFQGTYEQYF	3.4328358208955225	0_cluster
CASSWGYEQYF	3.03544776119403	0_cluster
CASSRTASYEQYF	3.628731343283582	0_cluster
CASSLGGFYEQYF	2.957089552238806	0_cluster
CASSPGTDYEQYF	3.4720149253731343	0_cluster
CASSDRGYEQYF	3.123134328358209	0_cluster
CASSYGSYEQYF	2.91044776119403	0_cluster
CASSSGLAGYEQYF	3.970149253731343	0_cluster
CASSPGGSYEQYF	2.8171641791044775	0_cluster
CASSLDGTYEQYF	3.121268656716418	0_cluster
CASSQIYEQYF	3.582089552238806	0_cluster
CASSLSGPYEQYF	3.1511194029850746	0_cluster
CASSFRGEQYF	4.0	0_cluster
CASSTSGYEQYF	3.1175373134328357	0_cluster
CASSTGTGSYEQYF	3.5690298507462686	0_cluster
CASSPGQGNYEQYF	3.7313432835820897	0_cluster
CASSPGQGNYEQYF	3.7313432835820897	0_cluster
CASSWGSSYEQYF	3.2761194029850746	0_cluster
CASSPGQGFYEQYF	3.7723880597014925	0_cluster
CASSQVGGYEQYF	3.4738805970149254	0_cluster
CASSRTGTYEQYF	3.4421641791044775	0_cluster
CASSYDYEQYF	3.6138059701492535	0_cluster
CASSSGTDYEQYF	3.5186567164179103	0_cluster
CASSPRPYEQYF	3.537313432835821	0_cluster
CASSPGQGSYEQYF	3.3992537313432836	0_cluster
CASSVGTGSYEQYF	3.5559701492537314	0_cluster
CASSSSYEQYF	3.2294776119402986	0_cluster
CASSSSYEQYF	3.2294776119402986	0_cluster
CASSFAYEQYF	3.5858208955223883	0_cluster
CASSLDNSYEQYF	3.341417910447761	0_cluster
CASSLQGGEQYF	3.626865671641791	0_cluster
CASSSNYEQYF	3.5578358208955225	0_cluster
CASSVSYEQYF	3.324626865671642	0_cluster
CASSELGYEQYF	3.1958955223880596	0_cluster
CASSPQGSSYEQYF	3.6958955223880596	0_cluster
CASSRRYEQYF	3.583955223880597	0_cluster
CASSLDFYEQYF	3.371268656716418	0_cluster
CASSQDTYEQYF	3.485074626865672	0_cluster
CASSLGTGFYEQYF	3.5708955223880596	0_cluster
CASSVDSYEQYF	3.345149253731343	0_cluster
CASSEGTGGYEQYF	3.841417910447761	0_cluster
CASSSGTAYEQYF	3.4421641791044775	0_cluster
CASSFSYEQYF	3.3134328358208953	0_cluster
CASSDSYEQYF	3.2220149253731343	0_cluster
CASSGDSSYEQYF	3.46455223880597	0_cluster
CASSSAGYEQYF	3.162313432835821	0_cluster
CASSWGQGSYEQYF	3.533582089552239	0_cluster
CASSQTSYEQYF	3.2388059701492535	0_cluster
CASSPASSYEQYF	3.550373134328358	0_cluster
CASSQGQAYEQYF	3.470149253731343	0_cluster
CASSSRDSYEQYF	3.6007462686567164	0_cluster
CASSLDRTYEQYF	3.548507462686567	0_cluster
CASSLGVGYEQYF	2.996268656716418	0_cluster
CASSPNSYEQYF	3.361940298507463	0_cluster
CASSLDRYEQYF	3.2779850746268657	0_cluster
CASSRTGGYEQYF	3.361940298507463	0_cluster
CASSERGYEQYF	3.1641791044776117	0_cluster
CASGTGGYEQYF	3.7761194029850746	0_cluster
CASSDNYEQYF	3.5970149253731343	0_cluster
CASSLGSTYEQYF	3.1156716417910446	0_cluster
CASSLRGNEQYF	3.7220149253731343	0_cluster
CASSFSGYEQYF	3.1194029850746268	0_cluster
CASSPGPSYEQYF	3.1884328358208953	0_cluster
CASSESGYEQYF	3.1473880597014925	0_cluster
CASSPGTAYEQYF	3.3955223880597014	0_cluster
CASSLAATYEQYF	3.712686567164179	0_cluster
CASSRYYEQYF	3.5970149253731343	0_cluster
CASSPRQGGYEQYF	3.9440298507462686	0_cluster
CASSVGPSYEQYF	3.296641791044776	0_cluster
CASSAGTSYEQYF	3.201492537313433	0_cluster
CASSFTGSYEQYF	3.1641791044776117	0_cluster
CASSPGQGTYEQYF	3.712686567164179	0_cluster
CASSYGQGYEQYF	3.208955223880597	0_cluster
CASSRDGTYEQYF	3.4141791044776117	0_cluster
CASSYSGYEQYF	3.1492537313432836	0_cluster
CASSQGQGTYEQYF	3.8227611940298507	0_cluster
CASSPSPYEQYF	3.53544776119403	0_cluster
CASSLGLTYEQYF	3.3097014925373136	0_cluster
CASSPRGYEQYF	3.0578358208955225	0_cluster
CASSIGQGPYEQYF	3.871268656716418	0_cluster
CASSPGQAYEQYF	3.373134328358209	0_cluster
CASSLTGVYEQYF	3.201492537313433	0_cluster
CASSFGGPYEQYF	3.236940298507463	0_cluster
CASSQGSSYEQYF	3.1940298507462686	0_cluster
CASSRDGYEQYF	3.091417910447761	0_cluster
CASSAGTGSYEQYF	3.529850746268657	0_cluster
CASSDGSYEQYF	2.8526119402985075	0_cluster
CASSPGQGVYEQYF	3.763059701492537	0_cluster
CASSPSYEQYF	3.1884328358208953	0_cluster
CASSSDGYEQYF	3.1026119402985075	0_cluster
CASSSGQGSYEQYF	3.453358208955224	0_cluster
CASSVAGGYEQYF	3.4608208955223883	0_cluster
CASSSGTNYEQYF	3.4906716417910446	0_cluster
CASSLAGNSYEQYF	3.5634328358208953	0_cluster
CASSRGQSYEQYF	3.139925373134328	0_cluster
CASSQDRTYEQYF	3.8656716417910446	0_cluster
CASSLRQGSYEQYF	3.417910447761194	0_cluster
CASSLGLNYEQYF	3.3208955223880596	0_cluster
CASSLARGYEQYF	3.251865671641791	0_cluster
CASSSGTGSYEQYF	3.4832089552238807	0_cluster
CASSFDSYEQYF	3.3152985074626864	0_cluster
CASSFRDSYEQYF	3.6305970149253732	0_cluster
CASSSGPNYEQYF	3.550373134328358	0_cluster
CASSPLSYEQYF	3.3208955223880596	0_cluster
CASSPPSYEQYF	3.333955223880597	0_cluster
CASSPHSYEQYF	3.3843283582089554	0_cluster
CASSEAGGYEQYF	3.453358208955224	0_cluster
CASSPTGSYEQYF	3.083955223880597	0_cluster
CASSFSGGSYEQYF	3.6156716417910446	0_cluster
CASSVAGSSYEQYF	3.876865671641791	0_cluster
CASSFGGSYEQYF	2.906716417910448	0_cluster
CASSRAYEQYF	3.457089552238806	0_cluster
CASSSRGYEQYF	3.1044776119402986	0_cluster
CASSFGTGGYEQYF	3.8115671641791047	0_cluster
CASSRDYEQYF	3.4794776119402986	0_cluster
CASSLEGTYEQYF	3.2220149253731343	0_cluster
CASSGGSSYEQYF	3.2742537313432836	0_cluster
CASSLAGTSYEQYF	3.4757462686567164	0_cluster
CASSLEVGEQYF	4.139925373134329	0_cluster
CASSPGGGSYEQYF	3.486940298507463	0_cluster
CASSWGGSYEQYF	2.949626865671642	0_cluster
CASSYSGGSYEQYF	3.6436567164179103	0_cluster
CASSPRDSYEQYF	3.548507462686567	0_cluster
CASSFQGYEQYF	3.110074626865672	0_cluster
CASSRDRGYEQYF	3.5074626865671643	0_cluster
CASSSGTGPYEQYF	3.8134328358208953	0_cluster
CASSPGRYEQYF	3.080223880597015	0_cluster
CASSSPGQGYEQYF	3.837686567164179	0_cluster
CASSEAYEQYF	3.6007462686567164	0_cluster
CASSQTGYEQYF	3.128731343283582	0_cluster
CASSYGQGSYEQYF	3.5167910447761193	0_cluster
CASSLAGGNYEQYF	3.654850746268657	0_cluster
CASSLGQGDEQYF	3.8059701492537314	0_cluster
CASSLAGGSYEQYF	3.3208955223880596	0_cluster
CASSFGQGTYEQYF	3.8022388059701493	0_cluster
CASSWDRGYEQYF	3.5652985074626864	0_cluster
CASSLSRGYEQYF	3.2220149253731343	0_cluster
CASSYYYEQYF	3.7705223880597014	0_cluster
CASSFGGAYEQYF	3.1940298507462686	0_cluster
CASSLPGTYEQYF	3.1791044776119404	0_cluster
CASSRDYSYEQYF	3.6436567164179103	0_cluster
CASSRTGPYEQYF	3.4458955223880596	0_cluster
CASSRTGPYEQYF	3.4458955223880596	0_cluster
CASSVGGSYEQYF	2.9402985074626864	0_cluster
CASSEAGYEQYF	3.2220149253731343	0_cluster
CASSLGQGNYEQYF	3.498134328358209	0_cluster
CASSSGPSYEQYF	3.218283582089552	0_cluster
CASSSGPSYEQYF	3.218283582089552	0_cluster
CASSPRTGGYEQYF	3.9757462686567164	0_cluster
CASSLGGQGYEQYF	3.5858208955223883	0_cluster
CASSLAGGAYEQYF	3.625	0_cluster
CASSLSGSYEQYF	2.871268656716418	0_cluster
CASSRGDSYEQYF	3.205223880597015	0_cluster
CASSLRGGYEQYF	3.083955223880597	0_cluster
CASSPDGYEQYF	3.0541044776119404	0_cluster
CASSQGNEQYF	3.7761194029850746	0_cluster
CASGGSYEQYF	3.623134328358209	0_cluster
CASSGGSYEQYF	2.746268656716418	0_cluster
CASSQGPNYEQYF	3.5541044776119404	0_cluster
CASSLGTGTYEQYF	3.5186567164179103	0_cluster
CASSPGGSSYEQYF	3.654850746268657	0_cluster
CASSLTSSYEQYF	3.264925373134328	0_cluster
CASSPGNSYEQYF	3.218283582089552	0_cluster
CASSLGGRSYEQYF	3.4011194029850746	0_cluster
CASSSGGYEQYF	2.824626865671642	0_cluster
CASSLRQGAYEQYF	3.718283582089552	0_cluster
CASSVAYEQYF	3.5988805970149254	0_cluster
CASSFEGYEQYF	3.2574626865671643	0_cluster
CASSVSGSSYEQYF	3.876865671641791	0_cluster
CASSTPYEQYF	3.550373134328358	0_cluster
CASSWTGYEQYF	3.1921641791044775	0_cluster
CASSAGTGGYEQYF	3.826492537313433	0_cluster
CASSLDRGLYEQYF	3.8190298507462686	0_cluster
CASRGQGYEQYF	3.781716417910448	0_cluster
CASSLGPGYEQYF	2.955223880597015	0_cluster
CASSPGRTYEQYF	3.4402985074626864	0_cluster
CASSPSGRAYEQYF	3.9888059701492535	0_cluster
CASSFPGGEQYF	4.020522388059701	0_cluster
CASSFPGGEQYF	4.020522388059701	0_cluster
CASSYSGGEQYF	3.9776119402985075	0_cluster
CASSLGLGYEQYF	2.996268656716418	0_cluster
CASSLRQGYEQYF	3.1847014925373136	0_cluster
CASSYGTSSYEQYF	3.919776119402985	0_cluster
CASSESYEQYF	3.328358208955224	0_cluster
CASSESYEQYF	3.328358208955224	0_cluster
CASSLQGTYEQYF	3.1063432835820897	0_cluster
CASSLEGGEQYF	3.7723880597014925	0_cluster
CASSPSSSYEQYF	3.587686567164179	0_cluster
CASSWDSSYEQYF	3.6175373134328357	0_cluster
CASSLTPSYEQYF	3.3171641791044775	0_cluster
CASSLTGGYEQYF	3.0671641791044775	0_cluster
CASSLGTGVYEQYF	3.5615671641791047	0_cluster
CASSLLAGSYEQYF	3.625	0_cluster
CASRGTGSYEQYF	3.996268656716418	0_cluster
CASSFGTGSYEQYF	3.5205223880597014	0_cluster
CASSSSYEQYF	3.2294776119402986	0_cluster
CASSSSYEQYF	3.2294776119402986	0_cluster
CASSLGSYEQYF	2.5541044776119404	0_cluster
CASSLQGYEQYF	2.781716417910448	0_cluster
CASSLQGYEQYF	2.781716417910448	0_cluster
CASSLVGYEQYF	2.9272388059701493	0_cluster
CASSLVGYEQYF	2.9272388059701493	0_cluster
CASSLGQTYEQYF	3.1772388059701493	0_cluster
CASSLGQTYEQYF	3.1772388059701493	0_cluster
CASSSQGYEQYF	3.076492537313433	0_cluster
CASSLGGSYEQYF	2.583955223880597	0_cluster
CASSLGGSYEQYF	2.583955223880597	0_cluster
CASSPQGYEQYF	3.0279850746268657	0_cluster
CASSLQGSYEQYF	2.8152985074626864	0_cluster
CASSLGTGGYEQYF	3.4888059701492535	0_cluster
CASSLGTGGYEQYF	3.4888059701492535	0_cluster
CASSVGQGSYEQYF	3.5261194029850746	0_cluster
CASSFSSYEQYF	3.3526119402985075	0_cluster
CASSSGQGAYEQYF	3.748134328358209	0_cluster
CASSLVYEQYF	3.3582089552238807	0_cluster
CASSESYEQYF	3.328358208955224	0_cluster
CASSESYEQYF	3.328358208955224	0_cluster
CASSPGLASYEQYF	3.845149253731343	0_cluster
CASSLVPYEQYF	3.417910447761194	0_cluster
CASSLEGEQYF	3.794776119402985	0_cluster
CASSSGPSYEQYF	3.218283582089552	0_cluster
CASSSGPSYEQYF	3.218283582089552	0_cluster
CASSSTGGSYEQYF	3.626865671641791	0_cluster
CASSLFSYEQYF	3.1343283582089554	0_cluster
CASSPGRSSYEQYF	3.8059701492537314	0_cluster
CASSVEGYEQYF	3.291044776119403	0_cluster
CASSPQGSYEQYF	3.0597014925373136	0_cluster
CASRGDSYEQYF	3.8805970149253732	0_cluster
CASSLGSGSYEQYF	3.236940298507463	0_cluster
CASSLGLAAYEQYF	4.083955223880597	0_cluster
CASSLGTVSYEQYF	3.6361940298507465	0_cluster
CASSPPGQPYEQYF	4.111940298507463	0_cluster
CASSLRQSYEQYF	3.2444029850746268	0_cluster
CASSQVGYEQYF	3.2406716417910446	0_cluster
CASSYLSYEQYF	3.4384328358208953	0_cluster
CASSPQGPYEQYF	3.3675373134328357	0_cluster
CASSLAGRSYEQYF	3.501865671641791	0_cluster
CASSLAGRSYEQYF	3.501865671641791	0_cluster
CASSLESSYEQYF	3.3488805970149254	0_cluster
CASSRTGPYEQYF	3.4458955223880596	0_cluster
CASSRTGPYEQYF	3.4458955223880596	0_cluster
CASSFGQSYEQYF	3.1847014925373136	0_cluster
CASSRGVYEQYF	3.154850746268657	0_cluster
CASSVAGGSYEQYF	3.6847014925373136	0_cluster
CASSLAGAGEQYF	4.0690298507462686	0_cluster
CASSPGSPYEQYF	3.3488805970149254	0_cluster
CASSRAGSSYEQYF	3.8171641791044775	0_cluster
CASSSRVSYEQYF	3.675373134328358	0_cluster
CASSLSGGEQYF	3.623134328358209	0_cluster
CASSLSGGEQYF	3.623134328358209	0_cluster
CASSLRDRGYEQYF	3.9888059701492535	0_cluster
CASSPDRGGEQYF	4.324626865671642	0_cluster
CASSPRQGGEQYF	4.307835820895522	0_cluster
CASSLVRGYEQYF	3.3041044776119404	0_cluster
CASSRGVSYEQYF	3.2593283582089554	0_cluster
CASSLTGTAYEQYF	3.7891791044776117	0_cluster
CASSLTGTAYEQYF	3.7891791044776117	0_cluster
CASSPRQGPYEQYF	3.966417910447761	0_cluster
CASSLGGGGYEQYF	3.5858208955223883	0_cluster
CASSFQNYEQYF	3.6361940298507465	0_cluster
CASSHSSYEQYF	3.412313432835821	0_cluster
CASTGSYEQYF	3.6940298507462686	0_cluster
CASSLRDNYEQYF	3.639925373134328	0_cluster
CASSPDSPYEQYF	3.7257462686567164	0_cluster
CASSQGQGDYEQYF	3.873134328358209	0_cluster
CASSFPGGEQYF	4.020522388059701	0_cluster
CASSFPGGEQYF	4.020522388059701	0_cluster
CASSPLGGSYEQYF	3.3488805970149254	0_cluster
CASSPWTGSYEQYF	3.8078358208955225	0_cluster
CASSWGQGPYEQYF	3.860074626865672	0_cluster
CASSKDRAYEQYF	3.91044776119403	0_cluster
CASSPTSGYEQYF	3.408582089552239	0_cluster
CASSPGQGNYEQYF	3.7313432835820897	0_cluster
CASSPGQGNYEQYF	3.7313432835820897	0_cluster
CASSRASYEQYF	3.3022388059701493	0_cluster
CASSLAAGAYEQYF	3.955223880597015	0_cluster
CASSSGQGVYEQYF	3.8171641791044775	0_cluster
CASSLETGSYEQYF	3.533582089552239	0_cluster
CASSRGGGYEQYF	3.1156716417910446	0_cluster
CASSSSGTYEQYF	3.4813432835820897	0_cluster
CASSIDRGYEQYF	3.576492537313433	0_cluster
CASSGEGYEQYF	2.9794776119402986	0_cluster
CASSLGLIYEQYF	3.3638059701492535	0_cluster
CASSLRTDSYEQYF	3.916044776119403	0_cluster
CASSLGPLYEQYF	3.3152985074626864	0_cluster
CASSYEGNYGYTF	4.784375	1_cluster
CASSREGNYGYTF	4.678125	1_cluster
CASSPGDYGYTF	4.41875	1_cluster
CASSSEGNYGYTF	4.69375	1_cluster
CASRGGYGYTF	4.99375	1_cluster
CASSPRQGGGYTF	5.36875	1_cluster
CASSLGAGGYTF	4.603125	1_cluster
CASSPGPYGYTF	4.49375	1_cluster
CASSTGDYGYTF	4.440625	1_cluster
CASSPQGSNYGYTF	4.953125	1_cluster
CASSSTGNYGYTF	4.534375	1_cluster
CASSSGDYGYTF	4.490625	1_cluster
CASSQGPGNTIYF	5.48125	1_cluster
CASSQGPGNTIYF	5.48125	1_cluster
CASSEEGNYGYTF	4.796875	1_cluster
CASSPGAYGYTF	4.39375	1_cluster
CASSQEGNYGYTF	4.68125	1_cluster
CASSPGQGYGYTF	4.584375	1_cluster
CASSPGTGNGYTF	4.815625	1_cluster
CASSPRTGYGYTF	4.86875	1_cluster
CASSFEGNYGYTF	4.76875	1_cluster
CASSYDSSGNTIYF	6.409375	1_cluster
CASSFRQGYGYTF	5.028125	1_cluster
CASSLRQGDGYTF	5.178125	1_cluster
CASSRQGNYGYTF	4.54375	1_cluster
CASSRQGNYGYTF	4.54375	1_cluster
CASSLDSYYGYTF	5.240625	1_cluster
CASSPRTGDGYTF	5.34375	1_cluster
CASSPGNYGYTF	4.265625	1_cluster
CASSVGQGYGYTF	4.734375	1_cluster
CASSQDSSGNTIYF	6.309375	1_cluster
CASSPGLYGYTF	4.49375	1_cluster
CASSLAGTDYGYTF	5.253125	1_cluster
CASSLSQGNYGYTF	4.78125	1_cluster
CASSLEGNYGYTF	4.45625	1_cluster
CASSYGDYGYTF	4.5875	1_cluster
CASSLSGANYGYTF	4.896875	1_cluster
CASSQNYGYTF	4.68125	1_cluster
CASSLEANYGYTF	5.05	1_cluster
CASSRTGAGNTIYF	5.84375	1_cluster
CASSLGAGQPQHF	6.54375	1_cluster
CASSLGAGQPQHF	6.54375	1_cluster
CASSLDGYYGYTF	4.71875	1_cluster
CSARDSYEQYF	8.428125	1_cluster
CASSLSTGNYGYTF	4.790625	1_cluster
CASSLGDQPQHF	6.71875	1_cluster
CASSGTASGNTIYF	6.1625	1_cluster
CASSSQGNYGYTF	4.55625	1_cluster
CASSLDRGYGYTF	4.884375	1_cluster
CASSLGTGSYGYTF	4.815625	1_cluster
CASSPGQYGYTF	4.40625	1_cluster
CASSQTGAGNTIYF	5.86875	1_cluster
CASSQTGAGNTIYF	5.86875	1_cluster
CASSYSGSGNTIYF	5.95625	1_cluster
CASSLGSSYGYTF	4.721875	1_cluster
CASSPGSYGYTF	4.3375	1_cluster
CASSVGQNYGYTF	4.79375	1_cluster
CASSTGNYGYTF	4.278125	1_cluster
CASSLQGGYGYTF	4.48125	1_cluster
CASSYQGNYGYTF	4.65	1_cluster
CASSLGTGAYGYTF	4.871875	1_cluster
CASSRDSSGNTIYF	6.2875	1_cluster
CASSQDRGYGYTF	5.109375	1_cluster
CASSRQGTGNTIYF	5.84375	1_cluster
CASSLGQTYGYTF	4.7625	1_cluster
CASSLTGSGNTIYF	5.54375	1_cluster
CASSQQGNYGYTF	4.596875	1_cluster
CASSSTGTGNTIYF	5.98125	1_cluster
CASSAGDYGYTF	4.553125	1_cluster
CASSRTGTGNTIYF	5.909375	1_cluster
CASSPGQGSGYTF	4.9875	1_cluster
CASSLSGQPQHF	6.5625	1_cluster
CASSLQGANYGYTF	4.859375	1_cluster
CASSGTGSGNTIYF	5.75625	1_cluster
CASSPNYGYTF	4.740625	1_cluster
CASSPGTGGGYTF	5.078125	1_cluster
CASSFRGGGYTF	5.0625	1_cluster
CASSLGTGDYGYTF	4.815625	1_cluster
CASSQGAGGYTF	4.7625	1_cluster
CASSPEGNYGYTF	4.61875	1_cluster
CASSQGGSYGYTF	4.5625	1_cluster
CASSQGGSYGYTF	4.5625	1_cluster
CASSYGQNYGYTF	4.815625	1_cluster
CASSVTGNYGYTF	4.603125	1_cluster
CASSVTGNYGYTF	4.603125	1_cluster
CASSSTGAGNTIYF	5.915625	1_cluster
CASSQGDYGYTF	4.38125	1_cluster
CASSLRGANYGYTF	4.965625	1_cluster
CASSLDGGYGYTF	4.578125	1_cluster
CASSLSGTGNTIYF	5.7	1_cluster
CASSLQGTNYGYTF	4.8625	1_cluster
CASSQGVGYTF	4.6875	1_cluster
CASSLGNSGNTIYF	5.5875	1_cluster
CASSLTGYYGYTF	4.61875	1_cluster
CASSLGGQPQHF	6.303125	1_cluster
CASSLGQLYGYTF	4.834375	1_cluster
CASSLQGNYGYTF	4.31875	1_cluster
CASRTGYGYTF	5.021875	1_cluster
CASRTGYGYTF	5.021875	1_cluster
CASSPRQGYGYTF	4.88125	1_cluster
CASSPGISGNTIYF	5.921875	1_cluster
CASSLQGSNYGYTF	4.7875	1_cluster
CASSPGPGNTIYF	5.471875	1_cluster
CASSSTGVGNTIYF	6.04375	1_cluster
CASTGGYGYTF	5.04375	1_cluster
CASSRGDYGYTF	4.465625	1_cluster
CASSLGQGSYGYTF	4.81875	1_cluster
CASSTGAYGYTF	4.41875	1_cluster
CASSTGYYGYTF	4.528125	1_cluster
CASSPQGGNYGYTF	4.79375	1_cluster
CASSHNYGYTF	4.934375	1_cluster
CASSLAGAYGYTF	4.634375	1_cluster
CASSQGQNYGYTF	4.678125	1_cluster
CSARTSGSYEQYF	8.425	1_cluster
CASSLDSSYGYTF	5.134375	1_cluster
CASSPDRNYGYTF	5.228125	1_cluster
CASSLGQNYGYTF	4.49375	1_cluster
CASSPGGSGNTIYF	5.609375	1_cluster
CSARSGHEQYF	7.8	1_cluster
CASSLGGSGNTIYF	5.45	1_cluster
CASSLEGYGYTF	4.3625	1_cluster
CASSLGQGNYGYTF	4.484375	1_cluster
CASSLGRNYGYTF	4.575	1_cluster
CASSSGYGYTF	4.271875	1_cluster
CASSQGYGYTF	4.1625	1_cluster
CASSLGGDYGYTF	4.40625	1_cluster
CASSLGTAGNTIYF	5.73125	1_cluster
CASSSNYGYTF	4.80625	1_cluster
CASSLGGDQPQHF	6.78125	1_cluster
CASSPGSGNTIYF	5.259375	1_cluster
CASSLGAGQPQHF	6.54375	1_cluster
CASSLGAGQPQHF	6.54375	1_cluster
CASSSSNYGYTF	4.9125	1_cluster
CASSPSGSSYNEQFF	7.7125	1_cluster
CASSLAGDYGYTF	4.6125	1_cluster
CASSLLAGGQETQYF	7.375	1_cluster
CASSSQGSGNTIYF	5.8125	1_cluster
CASSRQGNYGYTF	4.54375	1_cluster
CASSRQGNYGYTF	4.54375	1_cluster
CASSQGSYGYTF	4.303125	1_cluster
CASSPGSSGNTIYF	5.81875	1_cluster
CASSLDRGNYGYTF	4.921875	1_cluster
CASSLTSGSSYNEQFF	8.240625	1_cluster
CASSLGGTNYGYTF	4.859375	1_cluster
CASSVTGNYGYTF	4.603125	1_cluster
CASSVTGNYGYTF	4.603125	1_cluster
CASSRTANYGYTF	5.125	1_cluster
CASSFGGQPQHF	6.6125	1_cluster
CASSPGTGGNTIYF	5.80625	1_cluster
CASSSGTDYGYTF	4.95	1_cluster
CASRGSGNTIYF	5.95625	1_cluster
CASSLGSQPQHF	6.578125	1_cluster
CASSPDRAYGYTF	5.409375	1_cluster
CASSLSGGSTDTQYF	7.11875	1_cluster
CASSPRQGDGYTF	5.3375	1_cluster
CASSPGLAGTDTQYF	7.053125	1_cluster
CASSLGLAGADTQYF	7.009375	1_cluster
CASSLSGGYGYTF	4.509375	1_cluster
CASSPPGSGNTIYF	5.865625	1_cluster
CASSQGGSYGYTF	4.5625	1_cluster
CASSQGGSYGYTF	4.5625	1_cluster
CASSPANYGYTF	4.821875	1_cluster
CASSLEGAGNTIYF	5.771875	1_cluster
CASSEGGNYGYTF	4.421875	1_cluster
CASSLGQGVYGYTF	4.94375	1_cluster
CASSPGGQPQHF	6.4625	1_cluster
CASSPGGYYGYTF	4.671875	1_cluster
CASSLASGGTDTQYF	7.203125	1_cluster
CASSRGSGNTIYF	5.296875	1_cluster
CASSPGAGNTIYF	5.340625	1_cluster
CASRDSGNTIYF	6.3	1_cluster
CASSPGTGDYGYTF	4.975	1_cluster
CSATSGHEQYF	7.828125	1_cluster
CASSAANYGYTF	5.0125	1_cluster
CASSRTGSGNTIYF	5.75625	1_cluster
CASSRTGDGYTF	4.88125	1_cluster
CASSPGRNYGYTF	4.73125	1_cluster
CASSFRGDYGYTF	4.93125	1_cluster
CASSVDRNYGYTF	5.375	1_cluster
CASSAGYGYTF	4.328125	1_cluster
CASSLGHSGNTIYF	5.7625	1_cluster
CASSFGQGDGYTF	5.21875	1_cluster
CASSLGTYGYTF	4.25625	1_cluster
CASSEQGYGYTF	4.51875	1_cluster
CASSPQGTGNTIYF	5.790625	1_cluster
CASSLTGANYGYTF	4.86875	1_cluster
CASSLGRYGYTF	4.315625	1_cluster
CASSQGQGGGYTF	5.184375	1_cluster
CASSRQGAYGYTF	4.73125	1_cluster
CASSLPGSGNTIYF	5.596875	1_cluster
CASSLWGQPQHF	6.7875	1_cluster
CASSFSNYGYTF	4.95625	1_cluster
CASSQGPGNTIYF	5.48125	1_cluster
CASSQGPGNTIYF	5.48125	1_cluster
CASSWGSGNTIYF	5.440625	1_cluster
CASSPRDYGYTF	4.98125	1_cluster
CASSLDPNYGYTF	5.09375	1_cluster
CASSPGQGGYTF	4.74375	1_cluster
CASSLGRDGYTF	4.821875	1_cluster
CASRTGGYGYTF	5.075	1_cluster
CASSLSDYGYTF	4.80625	1_cluster
CASSSGQGNTIYF	5.425	1_cluster
CASSLGAGNYGYTF	4.51875	1_cluster
CASSQGTGYGYTF	4.578125	1_cluster
CASSLDLNYGYTF	5.109375	1_cluster
CASSRGQGNYGYTF	4.721875	1_cluster
CASSQGTGNYGYTF	4.696875	1_cluster
CASSAGAGNTIYF	5.478125	1_cluster
CASSLAGYGNTIYF	5.43125	1_cluster
CASSLAGTYGYTF	4.646875	1_cluster
CASSPDSYYGYTF	5.403125	1_cluster
CASSLTGQPQHF	6.578125	1_cluster
CASSLESYGYTF	4.81875	1_cluster
CASSQTGSGNTIYF	5.78125	1_cluster
CASSLDGQPQHF	6.703125	1_cluster
CASSPGQGRGYTF	5.1375	1_cluster
CASSPGVGNTIYF	5.4875	1_cluster
CASSQGTSGNTIYF	5.778125	1_cluster
CASSIDSYGYTF	5.103125	1_cluster
CSARSGFEQYF	7.796875	1_cluster
CASSPTVSGNTIYF	6.2625	1_cluster
CASSPGTSYGYTF	4.815625	1_cluster
CASSLRQGSTDTQYF	7.13125	1_cluster
CSARAGHEQYF	8.1125	1_cluster
CASSFAGSGNTIYF	5.9375	1_cluster
CASSFGGGYTF	4.70625	1_cluster
CASSLMGQPQHF	6.79375	1_cluster
CASTSGNTIYF	6.065625	1_cluster
CASGDYGYTF	5.36875	1_cluster
CASSVGSGNTIYF	5.409375	1_cluster
CASSLTGSNYGYTF	4.7875	1_cluster
CASSFGGDYGYTF	4.715625	1_cluster
CASSLGTGGTDTQYF	6.84375	1_cluster
CASSLRNYGYTF	4.68125	1_cluster
CASSPPGYGYTF	4.55	1_cluster
CASSLGQFYGYTF	4.85	1_cluster
CASSQTGDYGYTF	4.765625	1_cluster
CASSFQGYGYTF	4.496875	1_cluster
CASSGANYGYTF	4.625	1_cluster
CASRLQETQYF	7.090625	1_cluster
CASSSTGTYGYTF	4.821875	1_cluster
CASSLSTNYGYTF	4.859375	1_cluster
CASSRTSGGQETQYF	7.39375	1_cluster
CASSPASSGNTIYF	6.2625	1_cluster
CASSLRGADGYTF	5.125	1_cluster
CASSLRRSSYNEQFF	8.13125	1_cluster
CASSLRGQSTDTQYF	7.209375	1_cluster
CASTQGYGYTF	5.05625	1_cluster
CASSQDPNYGYTF	5.30625	1_cluster
CASSVEGRGSYNEQFF	8.328125	1_cluster
CASSLGLAGGRETQYF	7.746875	1_cluster
CASSLGQGATDTQYF	7.046875	1_cluster
CASSPLGPGNTIYF	5.8875	1_cluster
CASSTTGYGYTF	4.528125	1_cluster
CASSSGQGAYGYTF	5.140625	1_cluster
CASSRGSSGNTIYF	5.859375	1_cluster
CASSLDRGRGYTF	5.4375	1_cluster
CASSLGGLSTDTQYF	7.23125	1_cluster
CASSQTGAGNTIYF	5.86875	1_cluster
CASSQTGAGNTIYF	5.86875	1_cluster
CASSLDRGLYGYTF	5.353125	1_cluster
CASSTGSYGYTF	4.353125	1_cluster
CASSSDSSGNTIYF	6.38125	1_cluster
CASSEGDYGYTF	4.55625	1_cluster
CASSEGGSGNTIYF	5.75	1_cluster
CASSPGVNYGYTF	4.78125	1_cluster
CASSPGQGYYGYTF	5.078125	1_cluster
CASSLTTNYGYTF	4.96875	1_cluster
CASSLLSSGNTIYF	6.159375	1_cluster
CASSPGASTDTQYF	6.846875	1_cluster
CASTGNYGYTF	5.1375	1_cluster
CASSLAQGQPQHF	6.996875	1_cluster
CASSWGQNYGYTF	4.828125	1_cluster
CASSLGGLGYGYTF	5.140625	1_cluster
CASSVGGGSTDTQYF	7.296875	1_cluster
CASSLWGYGYTF	4.39375	1_cluster
CASSVQGAGNTIYF	5.91875	1_cluster
CASSPSGAGNTIYF	5.853125	1_cluster
CASSSGLAAYNEQFF	8.16875	1_cluster
CASSLDRVGNTIYF	6.28125	1_cluster
CASSETGGYGYTF	4.815625	1_cluster
CASSLDGSYGYTF	4.553125	1_cluster
CASSPGGSNYGYTF	4.909375	1_cluster
CASSPSGDYGYTF	4.7375	1_cluster
CASSLYYGYTF	4.80625	1_cluster
CASSQGGGNTIYF	5.409375	1_cluster
CASSLGFNYGYTF	4.63125	1_cluster
CASSQQGAGNTIYF	5.925	1_cluster
CASSPPFTDTQYF	7.115625	1_cluster
CASSGGSSGNTIYF	5.953125	1_cluster
CASRTGYGYTF	5.021875	1_cluster
CASRTGYGYTF	5.021875	1_cluster
CASSGSYGYTF	4.4125	1_cluster
CASSLQDYGYTF	4.721875	1_cluster
CASSISSGNTIYF	5.934375	1_cluster
CASSPGLAGAYNEQFF	8.16875	1_cluster
CASRLSSGNTIYF	6.353125	1_cluster
CASSLAGRGNTIYF	5.8125	1_cluster
CASSVDQGAKETQYF	7.69375	1_cluster
CASSLGRSNYGYTF	5.025	1_cluster
CASSPTGEYGYTF	4.796875	1_cluster
CASSPPGQGTDTQYF	7.13125	1_cluster
CASSLDGFYGYTF	4.7375	1_cluster
CASRLAGGPYNEQFF	8.44375	1_cluster
CASSPTGGNGYTF	4.9125	1_cluster
CASSVGQGSYGYTF	5.128125	1_cluster
CASSLADSGNTIYF	6.065625	1_cluster
CASSLGLAYTDTQYF	7.13125	1_cluster
CASRGDTDTQYF	7.190625	1_cluster
CASSGDRNYGYTF	5.1125	1_cluster
CASSLNRAGNTIYF	6.259375	1_cluster
CASSLGTGHYGYTF	4.94375	1_cluster
CAWSGSGNTIYF	6.128125	1_cluster
CASSQLAGGSYNEQFF	8.1875	1_cluster
CASSYANYGYTF	5.0	1_cluster
CASSFGAQPQHF	6.98125	1_cluster
CASSDRGPTDTQYF	7.08125	1_cluster
CASSFQGSGNTIYF	5.8375	1_cluster
CASSLTSSGNTIYF	6.021875	1_cluster
CASSPRTGTDTQYF	6.825	1_cluster
CASSSRTGGTEAFF	4.336734693877551	2_cluster
CASSVGPNTEAFF	3.074829931972789	2_cluster
CASRDRGNTEAFF	3.836734693877551	2_cluster
CASSPPPNTEAFF	3.431972789115646	2_cluster
CASSLVQNTEAFF	2.9693877551020407	2_cluster
CASSTGPNTEAFF	3.0136054421768708	2_cluster
CASSPGPNTEAFF	2.996598639455782	2_cluster
CASSPGQGANTEAFF	3.8503401360544216	2_cluster
CASSLTGNTEAFF	2.5374149659863945	2_cluster
CASSAGPNTEAFF	3.0340136054421767	2_cluster
CASSPQGNTEAFF	2.7823129251700682	2_cluster
CASSLAGGMNTEAFF	3.772108843537415	2_cluster
CASSRANTEAFF	3.1530612244897958	2_cluster
CASSLGGMNTEAFF	2.9829931972789114	2_cluster
CASSLGGMNTEAFF	2.9829931972789114	2_cluster
CASSLLQNTEAFF	2.9591836734693877	2_cluster
CASSLEGRNTEAFF	3.078231292517007	2_cluster
CASSSGPNTEAFF	3.04421768707483	2_cluster
CASSLQGRNTEAFF	2.942176870748299	2_cluster
CASSLAGSMNTEAFF	3.931972789115646	2_cluster
CASSLTGRNTEAFF	3.006802721088435	2_cluster
CASSLVMNTEAFF	3.0510204081632653	2_cluster
CASSLAGRNTEAFF	3.054421768707483	2_cluster
CASSLSGRNTEAFF	3.1020408163265305	2_cluster
CASSTGLNTEAFF	2.925170068027211	2_cluster
CASSSGANTEAFF	2.979591836734694	2_cluster
CASSLGHLNTEAFF	3.3095238095238093	2_cluster
CASSFERNTEAFF	3.391156462585034	2_cluster
CASSSDGNTEAFF	2.9523809523809526	2_cluster
CASSWANTEAFF	3.326530612244898	2_cluster
CASSLAGMNTEAFF	3.061224489795918	2_cluster
CASSLTQNTEAFF	2.857142857142857	2_cluster
CASSLQNTEAFF	2.812925170068027	2_cluster
CASSLQNTEAFF	2.812925170068027	2_cluster
CASSLGGPNTEAFF	3.0306122448979593	2_cluster
CASSLDGRNTEAFF	3.057823129251701	2_cluster
CASSSGTNTEAFF	3.0340136054421767	2_cluster
CASSLGGRNTEAFF	2.9829931972789114	2_cluster
CASSPGQGGNTEAFF	3.8877551020408165	2_cluster
CASSPGQGGNTEAFF	3.8877551020408165	2_cluster
CASSRDRMNTEAFF	3.7346938775510203	2_cluster
CASSPWGNTEAFF	2.996598639455782	2_cluster
CASSLGQRNTEAFF	3.119047619047619	2_cluster
CASSQTGNTEAFF	2.8945578231292517	2_cluster
CASSLLTGNTEAFF	3.238095238095238	2_cluster
CASSLRQGLNTEAFF	3.5340136054421767	2_cluster
CASSLGGGNTEAFF	2.935374149659864	2_cluster
CASSLEGQNTEAFF	3.057823129251701	2_cluster
CASSLLAGNTEAFF	3.2687074829931975	2_cluster
CASSQANTEAFF	3.1156462585034013	2_cluster
CASSLGQGNTEAFF	2.870748299319728	2_cluster
CASSTTGNTEAFF	2.95578231292517	2_cluster
CASRRLNTEAFF	4.098639455782313	2_cluster
CASSLGGQNTEAFF	2.989795918367347	2_cluster
CASSSGLNTEAFF	2.95578231292517	2_cluster
CASSLVGRNTEAFF	3.098639455782313	2_cluster
CASSLAGGLNTEAFF	3.727891156462585	2_cluster
CASSLPGQNTEAFF	3.04421768707483	2_cluster
CASSPGRNTEAFF	2.9183673469387754	2_cluster
CASSPELNTEAFF	3.2857142857142856	2_cluster
CASSLVENTEAFF	3.1054421768707483	2_cluster
CASSSRGNTEAFF	2.8979591836734695	2_cluster
CASSLGRGNTEAFF	2.9523809523809526	2_cluster
CASSLAGPNTEAFF	3.1054421768707483	2_cluster
CASSPGPGNTEAFF	3.3877551020408165	2_cluster
CASSVGLNTEAFF	2.9863945578231292	2_cluster
CASSLQGGMNTEAFF	3.697278911564626	2_cluster
CASSLAGVGTEAFF	3.9523809523809526	2_cluster
CASSLLNTEAFF	2.925170068027211	2_cluster
CASSLGGSNTEAFF	3.057823129251701	2_cluster
CASSGGLNTEAFF	2.9081632653061225	2_cluster
CASSLAAGGTEAFF	4.156462585034014	2_cluster
CASSYANTEAFF	3.336734693877551	2_cluster
CASSRQVNTEAFF	3.197278911564626	2_cluster
CASSLSRLNTEAFF	3.401360544217687	2_cluster
CASSPLGNTEAFF	2.8945578231292517	2_cluster
CASSIDRDTEAFF	4.258503401360544	2_cluster
CASSLGPNTEAFF	2.6802721088435373	2_cluster
CASSVDMNTEAFF	3.3741496598639458	2_cluster
CASSLQGQNTEAFF	2.9591836734693877	2_cluster
CASSLLGQNTEAFF	3.0952380952380953	2_cluster
CASSETGNTEAFF	2.935374149659864	2_cluster
CASSLNGNTEAFF	2.693877551020408	2_cluster
CASSRRNTEAFF	3.2346938775510203	2_cluster
CASSPQLNTEAFF	3.122448979591837	2_cluster
CASSPQLNTEAFF	3.122448979591837	2_cluster
CASSLGGLNTEAFF	2.938775510204082	2_cluster
CASSWTANTEAFF	3.316326530612245	2_cluster
CASSWTANTEAFF	3.316326530612245	2_cluster
CASSERENTEAFF	3.3639455782312924	2_cluster
CASSLQGVGTEAFF	3.8469387755102042	2_cluster
CASSVGANTEAFF	3.010204081632653	2_cluster
CASSRVNTEAFF	3.251700680272109	2_cluster
CASSLEGVGTEAFF	3.9761904761904763	2_cluster
CASSMTGNTEAFF	2.9659863945578233	2_cluster
CASSRDRLNTEAFF	3.6904761904761907	2_cluster
CASSTVNTEAFF	3.2891156462585034	2_cluster
CASSLANTEAFF	2.9183673469387754	2_cluster
CASSRSNTEAFF	3.2857142857142856	2_cluster
CASSFGPNTEAFF	3.0850340136054424	2_cluster
CASSLDQNTEAFF	2.9047619047619047	2_cluster
CASSLDQNTEAFF	2.9047619047619047	2_cluster
CASSLAGAMNTEAFF	3.86734693877551	2_cluster
CASSLGGANTEAFF	2.9693877551020407	2_cluster
CASSPGLNTEAFF	2.9047619047619047	2_cluster
CASSLRQGMNTEAFF	3.578231292517007	2_cluster
CASSRQNTEAFF	3.054421768707483	2_cluster
CASSKTGNTEAFF	2.9659863945578233	2_cluster
CASSQVMNTEAFF	3.357142857142857	2_cluster
CASSRENTEAFF	3.241496598639456	2_cluster
CASSRTGNTEAFF	2.8333333333333335	2_cluster
CASSPLLNTEAFF	3.2823129251700682	2_cluster
CASTRGGNTEAFF	3.6530612244897958	2_cluster
CASSLGQSNTEAFF	3.1904761904761907	2_cluster
CASSEGPNTEAFF	3.064625850340136	2_cluster
CASSPGQGRNTEAFF	3.857142857142857	2_cluster
CASSLLGMNTEAFF	3.1258503401360542	2_cluster
CASSLETGNTEAFF	3.197278911564626	2_cluster
CASSLGQGLNTEAFF	3.510204081632653	2_cluster
CASSRDRDTEAFF	4.129251700680272	2_cluster
CASSEDRGDTEAFF	4.462585034013605	2_cluster
CASSSDRDTEAFF	4.197278911564626	2_cluster
CASSQAGMNTEAFF	3.438775510204082	2_cluster
CASSLEQGNTEAFF	3.108843537414966	2_cluster
CASSRMNTEAFF	3.238095238095238	2_cluster
CASSPAGNTEAFF	2.8979591836734695	2_cluster
CASSRDGMNTEAFF	3.3639455782312924	2_cluster
CASSLVGNTEAFF	2.6462585034013606	2_cluster
CASSRPNTEAFF	3.272108843537415	2_cluster
CASSWGLNTEAFF	3.0	2_cluster
CASSLGAGNTEAFF	3.010204081632653	2_cluster
CASSLGQLNTEAFF	3.0714285714285716	2_cluster
CASSLEENTEAFF	3.0884353741496597	2_cluster
CASSGQGNTEAFF	2.748299319727891	2_cluster
CASSLVSLNTEAFF	3.5374149659863945	2_cluster
CASSLKGNTEAFF	2.687074829931973	2_cluster
CASSLGHSNTEAFF	3.431972789115646	2_cluster
CASSGGPNTEAFF	2.996598639455782	2_cluster
CASSLGDGNTEAFF	3.057823129251701	2_cluster
CASSLYGNTEAFF	2.6904761904761907	2_cluster
CASSLGQKNTEAFF	3.204081632653061	2_cluster
CASSLRQNTEAFF	2.8503401360544216	2_cluster
CASSPALNTEAFF	3.251700680272109	2_cluster
CASSSTGNTEAFF	2.8979591836734695	2_cluster
CASSFTANTEAFF	3.3095238095238093	2_cluster
CASSLQGNTEAFF	2.4693877551020407	2_cluster
CASSLQGNTEAFF	2.4693877551020407	2_cluster
CASSLQQNTEAFF	2.891156462585034	2_cluster
CASSPANTEAFF	3.2346938775510203	2_cluster
CASSLAGTGNTEAFF	3.704081632653061	2_cluster
CASSLLENTEAFF	3.098639455782313	2_cluster
CASSSEGNTEAFF	2.9863945578231292	2_cluster
CASSETENTEAFF	3.370748299319728	2_cluster
CASSDRENTEAFF	3.3503401360544216	2_cluster
CASSLLGANTEAFF	3.1054421768707483	2_cluster
CASSLENTEAFF	3.0	2_cluster
CASSLMNTEAFF	2.996598639455782	2_cluster
CASSGGGNTEAFF	2.7755102040816326	2_cluster
CASSWTGNTEAFF	2.942176870748299	2_cluster
CASSTGGNTEAFF	2.7755102040816326	2_cluster
CASSQSMNTEAFF	3.3537414965986394	2_cluster
CASSLSGGNTEAFF	3.0340136054421767	2_cluster
CASSPRGNTEAFF	2.8503401360544216	2_cluster
CASSSTANTEAFF	3.2687074829931975	2_cluster
CASSTGMNTEAFF	2.9727891156462585	2_cluster
CASSVTANTEAFF	3.302721088435374	2_cluster
CASSYGQGGTEAFF	4.142857142857143	2_cluster
CASSLGQNTEAFF	2.561224489795918	2_cluster
CASSLQGNTEAFF	2.4693877551020407	2_cluster
CASSLQGNTEAFF	2.4693877551020407	2_cluster
CASSLGVNTEAFF	2.683673469387755	2_cluster
CASSLAGNTEAFF	2.5850340136054424	2_cluster
CASSLGLNTEAFF	2.5952380952380953	2_cluster
CASSLTVNTEAFF	2.979591836734694	2_cluster
CASSLTGGNTEAFF	2.9659863945578233	2_cluster
CASSLQENTEAFF	2.9149659863945576	2_cluster
CASSLGGMNTEAFF	2.9829931972789114	2_cluster
CASSLGGMNTEAFF	2.9829931972789114	2_cluster
CASSLEVNTEAFF	3.068027210884354	2_cluster
CASSLLGNTEAFF	2.6496598639455784	2_cluster
CASSRDRNTEAFF	3.238095238095238	2_cluster
CASSSGTANTEAFF	3.564625850340136	2_cluster
CASSRTANTEAFF	3.207482993197279	2_cluster
CASSGTGNTEAFF	2.816326530612245	2_cluster
CASSLGPNTGELFF	4.636054421768708	2_cluster
CASSLQNTEAFF	2.812925170068027	2_cluster
CASSLQNTEAFF	2.812925170068027	2_cluster
CASSPRGGNTEAFF	3.2448979591836733	2_cluster
CASSLRENTEAFF	2.993197278911565	2_cluster
CASSQQGNTEAFF	2.8537414965986394	2_cluster
CASSRGLNTEAFF	2.86734693877551	2_cluster
CASSLQLNTEAFF	2.812925170068027	2_cluster
CASSPRLNTEAFF	3.2006802721088436	2_cluster
CASSPRTGGTEAFF	4.27891156462585	2_cluster
CASSPQGAGTEAFF	4.095238095238095	2_cluster
CASRGQMNTEAFF	3.989795918367347	2_cluster
CASSLTPNTEAFF	2.9761904761904763	2_cluster
CASSRGQLNTEAFF	3.377551020408163	2_cluster
CASSPGQGLNTEAFF	3.816326530612245	2_cluster
CASSLDQNTEAFF	2.9047619047619047	2_cluster
CASSLDQNTEAFF	2.9047619047619047	2_cluster
CASSRTLNTEAFF	3.183673469387755	2_cluster
CASRGTGNTEAFF	3.741496598639456	2_cluster
CASSSQGLNTEAFF	3.2755102040816326	2_cluster
CASSQDLGNTEAFF	3.5510204081632653	2_cluster
CASSLKLDTEAFF	3.921768707482993	2_cluster
CASSAGQNTEAFF	2.9149659863945576	2_cluster
CASSRQMNTEAFF	3.1564625850340136	2_cluster
CASSPTNTEAFF	3.2448979591836733	2_cluster
CASSTGQGNTEAFF	3.2551020408163267	2_cluster
CASSQQGGNTEAFF	3.32312925170068	2_cluster
CASSWTANTEAFF	3.316326530612245	2_cluster
CASSWTANTEAFF	3.316326530612245	2_cluster
CASSFSANTEAFF	3.425170068027211	2_cluster
CASSFAGNTEAFF	2.9829931972789114	2_cluster
CASSQDRGNTEAFF	3.54421768707483	2_cluster
CASSQDLNTEAFF	3.2448979591836733	2_cluster
CASSLGTGGNTEAFF	3.6904761904761907	2_cluster
CASSARQGNTEAFF	3.4183673469387754	2_cluster
CASSAGRNTEAFF	2.9591836734693877	2_cluster
CASSPRQGRTEAFF	4.190476190476191	2_cluster
CASSWGGNTEAFF	2.802721088435374	2_cluster
CASSTTVNTEAFF	3.3877551020408165	2_cluster
CASSYSTGNTEAFF	3.619047619047619	2_cluster
CASSPQLNTEAFF	3.122448979591837	2_cluster
CASSPQLNTEAFF	3.122448979591837	2_cluster
CASSLRGRNTEAFF	2.9863945578231292	2_cluster
CASSLRTANTEAFF	3.3503401360544216	2_cluster
CASSSRQGNTEAFF	3.3877551020408165	2_cluster
CASSQDRATEAFF	4.125850340136054	2_cluster
CASSLKENTEAFF	3.1360544217687076	2_cluster
CASSGGQMNTEAFF	3.5272108843537415	2_cluster
CASSLQGADTEAFF	3.8299319727891157	2_cluster
CASSLGLLNTEAFF	3.2993197278911564	2_cluster
CASSEGRNTEAFF	2.9863945578231292	2_cluster
CASSLEGMNTEAFF	3.0884353741496597	2_cluster
CASSRDTNTEAFF	3.316326530612245	2_cluster
CASSLAGTANTEAFF	3.8435374149659864	2_cluster
CASSESLNTEAFF	3.380952380952381	2_cluster
CASSRELNTEAFF	3.261904761904762	2_cluster
CASSVQMNTEAFF	3.248299319727891	2_cluster
CASRAGMNTEAFF	3.901360544217687	2_cluster
CASSPAGKNTEAFF	3.4625850340136055	2_cluster
CASSFGGANTEAFF	3.36734693877551	2_cluster
CASSSRLNTEAFF	3.248299319727891	2_cluster
CASSRRGNTGELFF	4.863945578231292	2_cluster
CASSLVTGGTEAFF	4.074829931972789	2_cluster
CASSPTGANTEAFF	3.306122448979592	2_cluster
CASSLDGMNTEAFF	3.064625850340136	2_cluster
CASSLEGVNTEAFF	3.13265306122449	2_cluster
CASSVTGLNTEAFF	3.36734693877551	2_cluster
CASSYTVNTEAFF	3.391156462585034	2_cluster
CASSLDGQNTEAFF	3.0340136054421767	2_cluster
CASSLERDTEAFF	3.8843537414965987	2_cluster
CASSFQGGNTEAFF	3.3197278911564627	2_cluster
CASSLAGAGTEAFF	3.9081632653061225	2_cluster
CASSRGQSNTEAFF	3.496598639455782	2_cluster
CASSPGQGGNTEAFF	3.8877551020408165	2_cluster
CASSPGQGGNTEAFF	3.8877551020408165	2_cluster
CASSLFGGNTEAFF	3.0816326530612246	2_cluster
CASSRDLNTEAFF	3.227891156462585	2_cluster
CASSLGTGVNTEAFF	3.704081632653061	2_cluster
CASSLVRDTEAFF	3.9149659863945576	2_cluster
CASSVEVNTEAFF	3.45578231292517	2_cluster
CASSFDSNTEAFF	3.4523809523809526	2_cluster
CASSLRGVNTEAFF	3.0340136054421767	2_cluster
CASSQDQNTEAFF	3.2448979591836733	2_cluster
CASSLDRVGTEAFF	4.272108843537415	2_cluster
CASSGGQGNTEAFF	3.2789115646258504	2_cluster
CASSPRTNTEAFF	3.272108843537415	2_cluster
CASSPPDRNTEAFF	3.8741496598639458	2_cluster
CASSFGQANTEAFF	3.503401360544218	2_cluster
CASSLAQTNTEAFF	3.4149659863945576	2_cluster
CASSLGARNTEAFF	3.251700680272109	2_cluster
CASSLQGKNTEAFF	3.04421768707483	2_cluster
CASSGQGARTEAFF	4.156462585034014	2_cluster
CASSIDRNTEAFF	3.36734693877551	2_cluster
CASSYLQGNTEAFF	3.302721088435374	2_cluster
CASSHRNTEAFF	3.32312925170068	2_cluster
CASSQQMNTEAFF	3.2448979591836733	2_cluster
CASSYDRGNTEAFF	3.5850340136054424	2_cluster
CASSLWQNTEAFF	3.0	2_cluster
CASSLQGTNTEAFF	3.0238095238095237	2_cluster
CASSIAGNTEAFF	3.006802721088435	2_cluster
CASTRQGNTEAFF	3.727891156462585	2_cluster
CASSVGRGNTEAFF	3.3469387755102042	2_cluster
CASSSGTGLNTEAFF	3.979591836734694	2_cluster
CASSSQQNTEAFF	3.248299319727891	2_cluster
CASSSSGNTGELFF	4.993197278911564	2_cluster
CASRDRGRTEAFF	4.6938775510204085	2_cluster
CASSNRENTEAFF	3.421768707482993	2_cluster
CASSLEGLGTEAFF	3.8843537414965987	2_cluster
CASSQEPGNTEAFF	3.6700680272108843	2_cluster
CASSQDRANTEAFF	3.758503401360544	2_cluster
CASSLGQGNSPLHF	3.965	3_cluster
CASSLEGGNSPLHF	4.45	3_cluster
CASSLVQGNSPLHF	4.525	3_cluster
CASSSGQGNSPLHF	4.265	3_cluster
CASSRDSSNQPQHF	5.905	3_cluster
CASSLGQNNSPLHF	4.41	3_cluster
CASSLDRGDSPLHF	5.405	3_cluster
CASSEGQGNSPLHF	4.295	3_cluster
CASSEGQGNSPLHF	4.295	3_cluster
CASSSGTGGNQPQHF	5.76	3_cluster
CASSLEQGNSPLHF	4.535	3_cluster
CASSLDSNSPLHF	4.76	3_cluster
CASSLGSYNSPLHF	4.26	3_cluster
CASSLGSYNSPLHF	4.26	3_cluster
CASSPTGAGNQPQHF	5.79	3_cluster
CASSPGVSGANVLTF	7.84	3_cluster
CASSPGGSYNSPLHF	4.86	3_cluster
CASSPGGSYNSPLHF	4.86	3_cluster
CAWSVRSNQPQHF	6.82	3_cluster
CASSLGQPNSPLHF	4.43	3_cluster
CASSLDPNSPLHF	5.01	3_cluster
CASSIGQGNSPLHF	4.325	3_cluster
CASSLAGQGNSPLHF	4.57	3_cluster
CASSPTGYNSPLHF	4.7	3_cluster
CASSLTGAGANVLTF	7.66	3_cluster
CASSPQSSGANVLTF	8.205	3_cluster
CASSSGTDNSPLHF	4.79	3_cluster
CASSSGTDNSPLHF	4.79	3_cluster
CASSRGQGNSPLHF	4.15	3_cluster
CASSRGQGNSPLHF	4.15	3_cluster
CASSAGQGNSPLHF	4.25	3_cluster
CASSYSYNSPLHF	5.07	3_cluster
CASSPRQGNSPLHF	4.64	3_cluster
CASSPPGSYNSPLHF	5.08	3_cluster
CASSSTGAGANVLTF	7.96	3_cluster
CASSLGQDNSPLHF	4.35	3_cluster
CASSLGQDNSPLHF	4.35	3_cluster
CASSLGQGAGANVLTF	8.215	3_cluster
CASSLGGSGANVLTF	7.415	3_cluster
CASSLSSYNSPLHF	4.815	3_cluster
CASSLGQGGSPLHF	4.72	3_cluster
CASSLGGAGANVLTF	7.64	3_cluster
CASSLGSSYNSPLHF	4.91	3_cluster
CASSPGTGNSPLHF	4.32	3_cluster
CASSPGQGNSPLHF	4.18	3_cluster
CASSQGQGNSPLHF	4.24	3_cluster
CASSLGQDNSPLHF	4.35	3_cluster
CASSLGQDNSPLHF	4.35	3_cluster
CASSLAGGGNQPQHF	5.6	3_cluster
CSARQGNQPQHF	6.705	3_cluster
CASSSYNSPLHF	4.955	3_cluster
CASSLGQGNNSPLHF	4.605	3_cluster
CASSLGSYNSPLHF	4.26	3_cluster
CASSLGSYNSPLHF	4.26	3_cluster
CSARGEGNYGYTF	8.81	3_cluster
CASSRGQGNSPLHF	4.15	3_cluster
CASSRGQGNSPLHF	4.15	3_cluster
CASSLDRNSPLHF	4.935	3_cluster
CASSSGTDNSPLHF	4.79	3_cluster
CASSSGTDNSPLHF	4.79	3_cluster
CASSLQGGNSPLHF	4.355	3_cluster
CASSLGQYNSPLHF	4.21	3_cluster
CASSLGGYNSPLHF	4.13	3_cluster
CASSLGGSYNSPLHF	4.645	3_cluster
CASSLGGGNSPLHF	4.0	3_cluster
CASRDRGNQPQHF	6.235	3_cluster
CASSLGGQGNQPQHF	5.335	3_cluster
CSARGTGNYGYTF	8.675	3_cluster
CASSQDRDSPLHF	5.87	3_cluster
CASSPDRGGNQPQHF	6.06	3_cluster
CASSYSRTGGGYGYTF	9.785	3_cluster
CASSFGQGNSPLHF	4.32	3_cluster
CASSLKGIGNQPQHF	5.74	3_cluster
CASRSSYNSPLHF	5.605	3_cluster
CASSLTGDNSPLHF	4.6	3_cluster
CASSLGTENSPLHF	4.57	3_cluster
CASSLGGSNSPLHF	4.155	3_cluster
CASSLEGGGNQPQHF	5.615	3_cluster
CASSLGQGRNQPQHF	5.45	3_cluster
CASSLGGTGNQPQHF	5.48	3_cluster
CSAQTGVNQPQHF	7.24	3_cluster
CASSLGQGGNSPLHF	4.475	3_cluster
CSARTGGNQPQHF	6.83	3_cluster
CASSLRGGNSPLHF	4.335	3_cluster
CASSFSNSPLHF	5.115	3_cluster
CSARGDYGYTF	9.34	3_cluster
CASRYSNQPQHF	6.59	3_cluster
CASSPGTVNSPLHF	4.765	3_cluster
CAWSVRDNQPQHF	6.995	3_cluster
CASRGSYNSPLHF	5.09	3_cluster
CASSQDRGNSPLHF	4.91	3_cluster
CAISDSNQPQHF	6.73	3_cluster
CASRRTGGNQPQHF	6.155	3_cluster
CASSLAGGNSPLHF	4.46	3_cluster
CASSLGQANSPLHF	4.345	3_cluster
CASSPGTGDNSPLHF	4.875	3_cluster
CASRGTGNSPLHF	4.87	3_cluster
CASSLGQGDSPLHF	4.75	3_cluster
CASSRDRSNQPQHF	5.945	3_cluster
CASSPGQFNQPQHF	5.495	3_cluster
CASSLGQVNSPLHF	4.4	3_cluster
CASSPTGGDSPLHF	5.31	3_cluster
CASSLGQSSYNSPLHF	5.49	3_cluster
CASRQGASNQPQHF	6.23	3_cluster
CASSLGGLGSPLHF	5.07	3_cluster
CSARTGVGQPQHF	7.75	3_cluster
CASSLRSYNSPLHF	4.78	3_cluster
CSARRDSRTDTQYF	10.68	3_cluster
CSARDGGVYSNQPQHF	8.515	3_cluster
CASSQGQGGSPLHF	5.0	3_cluster
CASSLQGNNSPLHF	4.595	3_cluster
CSARDWREETQYF	10.465	3_cluster
CASSIGGSGANVLTF	7.77	3_cluster
CAWSIREKLFF	9.305	3_cluster
CSARVGTATNEKLFF	9.845	3_cluster
CASSQGQDNSPLHF	4.61	3_cluster
CASSPTGGGSPLHF	5.355	3_cluster
CASSPGQNNQPQHF	5.475	3_cluster
CASSRDSSYNSPLHF	5.51	3_cluster
CASRGYSNQPQHF	6.135	3_cluster
CASSPGVNSPLHF	4.59	3_cluster
CSARTGDQPQHF	7.62	3_cluster
CASSPGGSYNSPLHF	4.86	3_cluster
CASSPGGSYNSPLHF	4.86	3_cluster
CASSLAGQGNQPQHF	5.42	3_cluster
CASSSGTVNSPLHF	4.84	3_cluster
CASSLQGAGNQPQHF	5.56	3_cluster
CASSLGTGYNSPLHF	4.55	3_cluster
CASSPGQGSSPLHF	4.95	3_cluster
CASSSGQGGNSPLHF	4.77	3_cluster
CSAKQGANTGELFF	9.58	3_cluster
CASSPAGSYNSPLHF	5.05	3_cluster
CASSQDSSYNSPLHF	5.63	3_cluster
CSAREGTASTDTQYF	10.855	3_cluster
CASSAGQGGNQPQHF	5.61	3_cluster
CASSLGDYNSPLHF	4.395	3_cluster
CASSQSSYNSPLHF	5.075	3_cluster
CASSTGQGNSPLHF	4.245	3_cluster
CASREGNSPLHF	5.19	3_cluster
CASSLGQENSPLHF	4.42	3_cluster
CASSLGQINSPLHF	4.43	3_cluster
CASSPQGANSPLHF	4.73	3_cluster
CASSLPGQGNSPLHF	4.54	3_cluster
CSARDRGSYNSPLHF	6.775	3_cluster
CASSEGQGNSPLHF	4.295	3_cluster
CASSEGQGNSPLHF	4.295	3_cluster
CASSLGQGANSPLHF	4.545	3_cluster
CASSQDRGGNQPQHF	6.14	3_cluster
CASKDSNQPQHF	6.65	3_cluster
CASSLGGQGNSPLHF	4.48	3_cluster
CASSLGLSGANVLTF	7.64	3_cluster
CASSLDGDSNQPQHF	5.835	3_cluster
CSARDRTGNGYTF	9.6	3_cluster
CASSLGQGFYNSPLHF	5.265	3_cluster
CASSIRDSNQPQHF	6.095	3_cluster
CASSLQGSYNSPLHF	4.71	3_cluster
CASSPDSNSPLHF	4.975	3_cluster
CASSGGQGNSPLHF	4.255	3_cluster
CASSYSPPSGIYNEQFF	10.44	3_cluster
CASSPGTAYNSPLHF	5.225	3_cluster
CSATTGVNQPQHF	7.315	3_cluster
CASSLKLDSPLHF	5.845	3_cluster
CASSRTGTGSSYNSPLHF	7.04	3_cluster
CASSQGRENSPLHF	4.85	3_cluster
CASNRDSNQPQHF	6.605	3_cluster
CASSPDRANSPLHF	5.245	3_cluster
CASRTGTGNSPLHF	5.11	3_cluster
CSVALGVNQPQHF	7.465	3_cluster
CASSSQSSYNSPLHF	5.65	3_cluster
CSARSGDQPQHF	7.435	3_cluster
CASRRSYNSPLHF	5.65	3_cluster
CASSRGTGGNQPQHF	5.66	3_cluster
CASSLVGDSNQPQHF	5.895	3_cluster
CASSLDYNSPLHF	4.8	3_cluster
CSARQGNYGYTF	8.775	3_cluster
CASSPDSYSNQPQHF	6.5	3_cluster
CASSPGTGYNSPLHF	4.76	3_cluster
CASSPGGGNSPLHF	4.21	3_cluster
CASSFGTGGNQPQHF	5.815	3_cluster
CASSLTGNNSPLHF	4.685	3_cluster
CASSLDGNSNQPQHF	5.82	3_cluster
CASSLAGSNSPLHF	4.585	3_cluster
CASSSGGGSNQPQHF	5.76	3_cluster
CASRTGGGNQPQHF	5.865	3_cluster
CASSLVGQGNQPQHF	5.46	3_cluster
CASSESNSPLHF	5.09	3_cluster
CASSPRDRANYGYTF	8.705	3_cluster
CASSQTGGNSPLHF	4.63	3_cluster
CASSLSGQGNSPLHF	4.515	3_cluster
CASSLQGLSNQPQHF	5.855	3_cluster
CASRQGGNSPLHF	4.825	3_cluster
CASRESSYNSPLHF	5.84	3_cluster
CASSLGGAYNSPLHF	4.815	3_cluster
CASSMGQGNSPLHF	4.34	3_cluster
CSAQTGTNQPQHF	7.22	3_cluster
CASSPGTGGNSPLHF	4.825	3_cluster
CASSLDGYNSPLHF	4.515	3_cluster
CASSFYNSPLHF	5.15	3_cluster
CASSFGSYNSPLHF	4.615	3_cluster
CASSQGYNSPLHF	4.39	3_cluster
CASSEGTGGSYEQYF	5.584070796460177	4_cluster
CASRRTGSYEQYF	5.716814159292035	4_cluster
CASSYSGTGSYEQYF	5.628318584070796	4_cluster
CASSLGQGSSYEQYF	5.327433628318584	4_cluster
CASSYSGTGGYEQYF	5.716814159292035	4_cluster
CASSSPGQGTYEQYF	5.433628318584071	4_cluster
CSARGGYEQYF	6.15929203539823	4_cluster
CASSQGLAGSYEQYF	5.548672566371682	4_cluster
CASSSPGQGSYEQYF	5.566371681415929	4_cluster
CASSPGLAGGYEQYF	5.477876106194691	4_cluster
CASSSPGQGAYEQYF	5.761061946902655	4_cluster
CASSLGGQGSYEQYF	5.132743362831858	4_cluster
CASSLGAGSSYEQYF	5.345132743362832	4_cluster
CASSPGLAGSYEQYF	5.415929203539823	4_cluster
CASSPSGGSSYEQYF	5.876106194690266	4_cluster
CASRDRGSYEQYF	5.778761061946903	4_cluster
CASSLGLAGGYEQYF	5.398230088495575	4_cluster
CSARGSYEQYF	6.353982300884955	4_cluster
CASSLGGQGAYEQYF	5.327433628318584	4_cluster
CASSQGLAGGYEQYF	5.601769911504425	4_cluster
CASSLAGTGTYEQYF	5.035398230088496	4_cluster
CASSVGTGGSYEQYF	5.584070796460177	4_cluster
CASSLGQGNEQYF	4.646017699115045	4_cluster
CASSPRDSSYEQYF	5.884955752212389	4_cluster
CASSLAGTGAYEQYF	5.3097345132743365	4_cluster
CASSLGLAGTYEQYF	5.1946902654867255	4_cluster
CASRDRSYEQYF	6.106194690265487	4_cluster
CASSLAGQGAYEQYF	5.3628318584070795	4_cluster
CASSQGTGGSYEQYF	5.566371681415929	4_cluster
CASSPGTGGSYEQYF	5.442477876106195	4_cluster
CASSLAGGGSYEQYF	5.256637168141593	4_cluster
CASSLGETQYF	4.389380530973451	4_cluster
CASSLEETQYF	5.088495575221239	4_cluster
CASSLGTDTQYF	4.300884955752212	4_cluster
CASSLEGSTDTQYF	4.982300884955753	4_cluster
CASSLGGRETQYF	4.256637168141593	4_cluster
CASSLGYGYTF	6.150442477876106	4_cluster
CASSLAETQYF	4.876106194690266	4_cluster
CASSLGLAGDTQYF	4.938053097345133	4_cluster
CASSLAGGTDTQYF	4.610619469026549	4_cluster
CSASSGHEQYF	6.106194690265487	4_cluster
CASSLGGSYNEQFF	5.876106194690266	4_cluster
CASSLGQGTDTQYF	4.557522123893805	4_cluster
CASSLGLQETQYF	4.575221238938053	4_cluster
CASSLSETQYF	4.752212389380531	4_cluster
CASSVGGSYNEQFF	6.345132743362832	4_cluster
CASSLVGGQETQYF	4.619469026548672	4_cluster
CASSLYQETQYF	4.938053097345133	4_cluster
CASSLSGQETQYF	4.433628318584071	4_cluster
CASSLQGSTDTQYF	4.911504424778761	4_cluster
CASSFSETQYF	5.265486725663717	4_cluster
CASSLGSDTQYF	4.238938053097345	4_cluster
CASSLGQSTDTQYF	4.911504424778761	4_cluster
CASSLNTDTQYF	5.0265486725663715	4_cluster
CASSRGSTDTQYF	4.920353982300885	4_cluster
CASSLGLAGSYEQYF	5.274336283185841	4_cluster
CASSLGGSQETQYF	4.398230088495575	4_cluster
CASSLVGGETQYF	4.389380530973451	4_cluster
CASSLGQGADTQYF	4.68141592920354	4_cluster
CASSLLGDTQYF	4.539823008849558	4_cluster
CASSPNQETQYF	5.371681415929204	4_cluster
CASSSQGTDTQYF	4.964601769911504	4_cluster
CASSRDRGQETQYF	5.371681415929204	4_cluster
CASSLARTDTQYF	5.0265486725663715	4_cluster
CASSGGTDTQYF	4.504424778761062	4_cluster
CASSLLAGGSYEQYF	5.300884955752212	4_cluster
CASSLVRDTQYF	5.176991150442478	4_cluster
CASSLVREETQYF	5.327433628318584	4_cluster
CASSFLSGTDTQYF	5.176991150442478	4_cluster
CASSPRQGQETQYF	5.212389380530974	4_cluster
CASSERETQYF	5.504424778761062	4_cluster
CASSSTTDTQYF	5.398230088495575	4_cluster
CASSPRTGSSYEQYF	5.884955752212389	4_cluster
CASSLGDSYNEQFF	6.31858407079646	4_cluster
CASSLSPQETQYF	5.008849557522124	4_cluster
CASSQSPGGTQYF	5.380530973451328	4_cluster
CASSVGRGTDTQYF	5.04424778761062	4_cluster
CASSLGGGDTQYF	4.176991150442478	4_cluster
CASSYTGQGAEQYF	5.619469026548672	4_cluster
CASSLTGGADTQYF	4.761061946902655	4_cluster
CASSPGGADTQYF	4.654867256637168	4_cluster
CASSAGETQYF	4.769911504424779	4_cluster
CASSLFTDTQYF	5.035398230088496	4_cluster
CASSLGSGYTF	6.0265486725663715	4_cluster
CASSPSGRGETQYF	5.230088495575221	4_cluster
CASSLTGGSSYEQYF	5.451327433628318	4_cluster
CASSRLTDTQYF	5.221238938053097	4_cluster
CASSLRTGQETQYF	4.831858407079646	4_cluster
CASSPTGGQETQYF	4.946902654867257	4_cluster
CASSLLAGGETQYF	4.823008849557522	4_cluster
CASSLGGGGQETQYF	4.982300884955753	4_cluster
CASSPRRGETQYF	5.1415929203539825	4_cluster
CASRGEETQYF	5.734513274336283	4_cluster
CASSPGQPQETQYF	5.389380530973451	4_cluster
CATSRDRGPYEQYF	6.566371681415929	4_cluster
CASSPGQSYNEQFF	6.557522123893805	4_cluster
CASSFNTDTQYF	5.530973451327434	4_cluster
CASSLGAGGQETQYF	4.920353982300885	4_cluster
CASSLGTSGPYEQYF	5.415929203539823	4_cluster
CASSFDRGQETQYF	5.398230088495575	4_cluster
CASSSQGSTDTQYF	5.371681415929204	4_cluster
CASSLSGATDTQYF	5.070796460176991	4_cluster
CASSDGGTDTQYF	4.672566371681416	4_cluster
CASSFLTDTQYF	5.31858407079646	4_cluster
CASSSTGGETQYF	4.778761061946903	4_cluster
CASRGLAGGYEQYF	5.831858407079646	4_cluster
CASSLRLQETQYF	5.070796460176991	4_cluster
CASSPVGDTQYF	4.9734513274336285	4_cluster
CASSRGTGGETQYF	4.849557522123894	4_cluster
CASSTGQGGETQYF	4.929203539823009	4_cluster
CASSPARETQYF	5.345132743362832	4_cluster
CASSLVVSPYEQYF	5.79646017699115	4_cluster
CASSLAGGLQETQYF	5.132743362831858	4_cluster
CASSLEGNQPQHF	4.025	5_cluster
CASSLGGNQPQHF	3.5142857142857142	5_cluster
CASSDRGNQPQHF	4.435714285714286	5_cluster
CASSLGPDQPQHF	4.585714285714285	5_cluster
CASSLGLDQPQHF	4.6	5_cluster
CASSLGYNSPLHF	4.978571428571429	5_cluster
CASSLGVNQPQHF	3.982142857142857	5_cluster
CASSLGLNQPQHF	4.025	5_cluster
CASSLMGNQPQHF	4.064285714285714	5_cluster
CASSLGRNSPLHF	4.932142857142857	5_cluster
CASSLFGNQPQHF	4.057142857142857	5_cluster
CASSLWGNQPQHF	4.060714285714286	5_cluster
CASSLIGNQPQHF	4.053571428571429	5_cluster
CASSLAGNQPQHF	3.95	5_cluster
CASSLAGNQPQHF	3.95	5_cluster
CASSLNGNQPQHF	4.0285714285714285	5_cluster
CASSLNGNQPQHF	4.0285714285714285	5_cluster
CASSLGTDQPQHF	4.525	5_cluster
CASSLGTNQPQHF	3.9642857142857144	5_cluster
CASSLGADQPQHF	4.535714285714286	5_cluster
CASSLGANQPQHF	3.960714285714286	5_cluster
CASSLVNQPQHF	4.489285714285714	5_cluster
CASSLGVDQPQHF	4.557142857142857	5_cluster
CASSLGYNQPQHF	4.025	5_cluster
CASSLRVNQPQHF	4.535714285714286	5_cluster
CASSLGTGGQPQHF	4.567857142857143	5_cluster
CASSLGTGGQPQHF	4.567857142857143	5_cluster
CASSLGGNSGNTIYF	7.046428571428572	5_cluster
CASSLEGNSGNTIYF	7.271428571428571	5_cluster
CASSLGINQPQHF	4.035714285714286	5_cluster
CASSLANQPQHF	4.414285714285715	5_cluster
CASSWGGGNQPQHF	4.432142857142857	5_cluster
CASSLPGNQPQHF	4.007142857142857	5_cluster
CASSLSGNQPQHF	3.8892857142857142	5_cluster
CASSLGENQPQHF	4.035714285714286	5_cluster
CASSLRGGGQPQHF	4.65	5_cluster
CASSVEGNQPQHF	4.485714285714286	5_cluster
CSAREREYEQYF	9.428571428571429	5_cluster
CASSLRGNQPQHF	3.9785714285714286	5_cluster
CASSLYGNQPQHF	4.042857142857143	5_cluster
CASSDGGNQPQHF	3.9642857142857144	5_cluster
CASSRGGNSPLHF	4.875	5_cluster
CASSYGGNQPQHF	3.960714285714286	5_cluster
CASSTGGNQPQHF	3.925	5_cluster
CASSFGGNQPQHF	3.975	5_cluster
CASSLTGNQPQHF	3.9214285714285713	5_cluster
CASSEGGNQPQHF	3.9785714285714286	5_cluster
CASSLGDNQPQHF	4.003571428571429	5_cluster
CASSFSGGNQPQHF	4.546428571428572	5_cluster
CASSLGQDQPQHF	4.525	5_cluster
CASSLQGGSPLHF	5.264285714285714	5_cluster
CASRPSSGNTIYF	7.7178571428571425	5_cluster
CASSLGSNQPQHF	3.817857142857143	5_cluster
CASSLGSNQPQHF	3.817857142857143	5_cluster
CASSFGGGNQPQHF	4.410714285714286	5_cluster
CASSFLGGNQPQHF	4.292857142857143	5_cluster
CASSLGTNSPLHF	4.910714285714286	5_cluster
CASSPAGANVLTF	7.121428571428571	5_cluster
CASSSRGNQPQHF	4.375	5_cluster
CASSLGPNQPQHF	4.010714285714286	5_cluster
CASSLGPNQPQHF	4.010714285714286	5_cluster
CASSVGGNSPLHF	4.935714285714286	5_cluster
CASSYSTGNYGYTF	7.339285714285714	5_cluster
CASSWGGNQPQHF	3.9964285714285714	5_cluster
CASSLKGNQPQHF	4.060714285714286	5_cluster
CASSLGVNSPLHF	4.935714285714286	5_cluster
CASSGGGNQPQHF	3.9107142857142856	5_cluster
CASSLLNQPQHF	4.5321428571428575	5_cluster
CASSLGRGNQPQHF	4.078571428571428	5_cluster
CASSRQNSPLHF	5.714285714285714	5_cluster
CASSSGGGQPQHF	4.382142857142857	5_cluster
CASSIGGNQPQHF	3.9892857142857143	5_cluster
CASSVNSNQPQHF	4.864285714285714	5_cluster
CASSLQNQPQHF	4.439285714285714	5_cluster
CASSLGQGTNYGYTF	7.3428571428571425	5_cluster
CASSVGGNQPQHF	3.9642857142857144	5_cluster
CASSLGSDQPQHF	4.375	5_cluster
CASSVGGGNQPQHF	4.4071428571428575	5_cluster
CASRLSGANVLTF	7.567857142857143	5_cluster
CASSSLSGANVLTF	7.507142857142857	5_cluster
CASSRGTGANYGYTF	7.696428571428571	5_cluster
CASSRDRANYGYTF	7.85	5_cluster
CASSLGNNQPQHF	4.039285714285715	5_cluster
CASSVRGNQPQHF	4.439285714285714	5_cluster
CASSTGTGGQPQHF	5.021428571428571	5_cluster
CASSLDGNQPQHF	3.9964285714285714	5_cluster
CASSLGGNSPLHF	4.485714285714286	5_cluster
CASSLAGGDQPQHF	4.760714285714286	5_cluster
CASSLGQLNQPQHF	4.575	5_cluster
CASSLGGQGVYGYTF	7.864285714285714	5_cluster
CASSRDSSSGNTIYF	8.425	5_cluster
CASSQGLNQPQHF	4.410714285714286	5_cluster
CASSYNSNQPQHF	4.867857142857143	5_cluster
CASSLAGGGQPQHF	4.671428571428572	5_cluster
CASSFEGNQPQHF	4.492857142857143	5_cluster
CASSFSGGGQPQHF	5.114285714285714	5_cluster
CASSPPGQNYGYTF	7.285714285714286	5_cluster
CASRQGDQPQHF	5.535714285714286	5_cluster
CASSQGGNQPQHF	3.9214285714285713	5_cluster
CASSLGSNQPQHF	3.817857142857143	5_cluster
CASSLGSNQPQHF	3.817857142857143	5_cluster
CASSLGQGNQPQHF	4.035714285714286	5_cluster
CASSPGTGNQPQHF	4.435714285714286	5_cluster
CASSPDSNQPQHF	4.767857142857143	5_cluster
CASSRDSNQPQHF	4.789285714285715	5_cluster
CASSLAGNQPQHF	3.95	5_cluster
CASSLAGNQPQHF	3.95	5_cluster
CASSPGSNQPQHF	4.203571428571428	5_cluster
CASSLGQNQPQHF	3.9535714285714287	5_cluster
CASSPTGGNQPQHF	4.475	5_cluster
CASSLTGGNQPQHF	4.0928571428571425	5_cluster
CASSLGQSNQPQHF	4.364285714285714	5_cluster
CASSRQGNQPQHF	4.3428571428571425	5_cluster
CASSYSGLAGVYNEQFF	9.278571428571428	5_cluster
CASSQEGNQPQHF	4.453571428571428	5_cluster
CASSLGPNQPQHF	4.010714285714286	5_cluster
CASSLGPNQPQHF	4.010714285714286	5_cluster
CASSLGLSNQPQHF	4.442857142857143	5_cluster
CASSLGNSPLHF	4.692857142857143	5_cluster
CASSLAGGSGNTIYF	7.382142857142857	5_cluster
CASSLAGNSPLHF	4.896428571428571	5_cluster
CASSSLNSPLHF	5.792857142857143	5_cluster
CASSLGSSNQPQHF	4.4071428571428575	5_cluster
CASSLNGNQPQHF	4.0285714285714285	5_cluster
CASSLNGNQPQHF	4.0285714285714285	5_cluster
CASSPGLAGSTDTQYF	8.121428571428572	5_cluster
CASSLVNSPLHF	5.4035714285714285	5_cluster
CASSPRGGNQPQHF	4.478571428571429	5_cluster
CASSSSGGNQPQHF	4.553571428571429	5_cluster
CASSQTGGNQPQHF	4.521428571428571	5_cluster
CASSQGTGNQPQHF	4.460714285714285	5_cluster
CASSLLSNQPQHF	4.432142857142857	5_cluster
CASSLGQGAGNTIYF	7.521428571428571	5_cluster
CASSEGASNQPQHF	4.807142857142857	5_cluster
CASSSPGQGNYGYTF	7.617857142857143	5_cluster
CASSPSGNQPQHF	4.275	5_cluster
CASSLQSNQPQHF	4.328571428571428	5_cluster
CASSLTVNQPQHF	4.482142857142857	5_cluster
CASSFGQGSGNTIYF	7.735714285714286	5_cluster
CASSLEGDSPLHF	5.492857142857143	5_cluster
CASSPGFNQPQHF	4.435714285714286	5_cluster
CASSYTGQGSGYTF	7.542857142857143	5_cluster
CASSLSGNSPLHF	4.885714285714286	5_cluster
CASSSGNSPLHF	5.057142857142857	5_cluster
CASSLGTGGNYGYTF	7.135714285714286	5_cluster
CASSEQGGNQPQHF	4.564285714285714	5_cluster
CASSPGGNSPLHF	4.867857142857143	5_cluster
CASSPGRSNQPQHF	4.775	5_cluster
CASSSTGGSGNTIYF	7.807142857142857	5_cluster
CASSPGRNQPQHF	4.375	5_cluster
CASSLGTGGQPQHF	4.567857142857143	5_cluster
CASSLGTGGQPQHF	4.567857142857143	5_cluster
CASSESGGNQPQHF	4.553571428571429	5_cluster
CASSLGGISGNTIYF	7.435714285714286	5_cluster
CASSLGTSNQPQHF	4.378571428571429	5_cluster
CASSPPNSPLHF	5.828571428571428	5_cluster
CASSLLDQPQHF	5.078571428571428	5_cluster
CASRRDYGYTF	8.475	5_cluster
CASSYSGGQPQHF	4.760714285714286	5_cluster
CASSTGNSPLHF	5.064285714285714	5_cluster
CASSYPNQPQHF	4.960714285714285	5_cluster
CASSPDGDQPQHF	4.964285714285714	5_cluster
CASSPGTDNQPQHF	4.928571428571429	5_cluster
CASSLGQNSPLHF	4.9035714285714285	5_cluster
CASSLGQGRQPQHF	4.732142857142857	5_cluster
CASSPYNSPLHF	5.839285714285714	5_cluster
CASSPGVNQPQHF	4.371428571428571	5_cluster
CASSATGGNQPQHF	4.539285714285715	5_cluster
CASSLDRGSGNTIYF	7.5	5_cluster
CASSRNSNQPQHF	4.814285714285714	5_cluster
CASSPGQGRQPQHF	5.110714285714286	5_cluster
CSAKTSGRGETQYF	9.1	5_cluster
CASSLVGNSPLHF	4.975	5_cluster
CSARGGSSYNEQFF	9.432142857142857	5_cluster
CASSPRQGDQPQHF	5.435714285714286	5_cluster
CASSLGSNSPLHF	4.825	5_cluster
CASSSSGTGYQPQHF	5.867857142857143	5_cluster
CASSLTGGGQPQHF	4.664285714285715	5_cluster
CASSQGLAGGTDTQYF	8.239285714285714	5_cluster
CASSIGYSNQPQHF	4.921428571428572	5_cluster
CASSESPTSTDTQYF	8.403571428571428	5_cluster
CASSLSGDNQPQHF	4.410714285714286	5_cluster
CASSLTGTSGNTIYF	7.428571428571429	5_cluster
CASSLGRGGQPQHF	4.603571428571429	5_cluster
CASSLGTGSSGNTIYF	8.121428571428572	5_cluster
CASSRGGSSGNTIYF	7.7821428571428575	5_cluster
CASSLVWGNQPQHF	4.625	5_cluster
CASSDRNSPLHF	5.8	5_cluster
CASTGTGSTDTQYF	7.914285714285715	5_cluster
CASSILGGNQPQHF	4.307142857142857	5_cluster
CASSVGGVSGNTIYF	7.832142857142857	5_cluster
CASSYGQGGQPQHF	5.0	5_cluster
CASSSGNSNQPQHF	4.753571428571429	5_cluster
CASSLDRTNYGYTF	7.496428571428571	5_cluster
CASSLSPNQPQHF	4.485714285714286	5_cluster
CASTRGGSGNTIYF	7.921428571428572	5_cluster
CASSPGGSSGNTIYF	7.7785714285714285	5_cluster
CASSGRGNQPQHF	4.189285714285714	5_cluster
CASSLGQGAGQPQHF	5.325	5_cluster
CASSLGQVNQPQHF	4.535714285714286	5_cluster
CASSLELAGGRDTQYF	8.357142857142858	5_cluster
CASSYGGGNQPQHF	4.396428571428571	5_cluster
CASSRQSNQPQHF	4.732142857142857	5_cluster
CASSPGTASGNTIYF	7.853571428571429	5_cluster
CASSLVGSSGNTIYF	7.507142857142857	5_cluster
CASSPGTDNYGYTF	7.357142857142857	5_cluster
CATSRGNQPQHF	5.078571428571428	5_cluster
CAWRRGGYTF	8.760714285714286	5_cluster
CASSLTASNQPQHF	4.828571428571428	5_cluster
CASSLGNNSPLHF	4.992857142857143	5_cluster
CASSSGTSNQPQHF	4.764285714285714	5_cluster
CASSPQTGSGNTIYF	7.835714285714285	5_cluster
CASSLGQRNQPQHF	4.553571428571429	5_cluster
CASSQASNQPQHF	4.757142857142857	5_cluster
CASSQDRAQPQHF	5.535714285714286	5_cluster
CSAREETQYF	9.110714285714286	5_cluster
CASSLAGQGNYGYTF	7.196428571428571	5_cluster
CASSLYSGANVLTF	7.385714285714286	5_cluster
CASSSGAGANVLTF	7.557142857142857	5_cluster
CASSLLAGGPTDTQYF	8.157142857142857	5_cluster
CASSIGGSNQPQHF	4.489285714285714	5_cluster
CASSTGSNQPQHF	4.2214285714285715	5_cluster
CASSRDGNSPLHF	5.3464285714285715	5_cluster
CASSYSGLAGIYNEQFF	9.339285714285714	5_cluster
CASSLQGSSGNTIYF	7.45	5_cluster
CASSFGGNSPLHF	4.946428571428571	5_cluster
CASSIQGGQPQHF	4.7785714285714285	5_cluster
CASSQTGNSPLHF	5.3	5_cluster
CASSLNRNQPQHF	4.585714285714285	5_cluster
CASSQQGGNQPQHF	4.575	5_cluster
CASSLGQINYGYTF	7.0321428571428575	5_cluster
CASSRQGDSPLHF	5.817857142857143	5_cluster
CASSLDANQPQHF	4.5285714285714285	5_cluster
CASSLDRVSPLHF	6.060714285714286	5_cluster
CASSLGAGGQPQHF	4.589285714285714	5_cluster
CASSLAVSNQPQHF	4.871428571428571	5_cluster
CASSQVGSPLHF	5.7821428571428575	5_cluster
CASRTGGDYGYTF	7.825	5_cluster
CASSQGQGQPQHF	4.707142857142857	5_cluster
CASSPTGAVQPQHF	5.375	5_cluster
CASSASSNQPQHF	4.7821428571428575	5_cluster
CASSEGVQPQHF	4.796428571428572	5_cluster
CASRGQANYGYTF	7.960714285714285	5_cluster
CSARKGADTQYF	8.7	5_cluster
CASSLGGVNQPQHF	4.203571428571428	5_cluster
CASSLINSPLHF	5.464285714285714	5_cluster
CASSVDGANQPQHF	4.871428571428571	5_cluster
CASSPTSNQPQHF	4.7	5_cluster
CASSLTVSNQPQHF	4.857142857142857	5_cluster
CASSYTGGNQPQHF	4.535714285714286	5_cluster
CASSLGANSGNTIYF	7.317857142857143	5_cluster
CASSAGGSNQPQHF	4.457142857142857	5_cluster
CASSLQGPNQPQHF	4.428571428571429	5_cluster
CASSQDNSPLHF	5.735714285714286	5_cluster
CASSLGGGSQPQHF	4.446428571428571	5_cluster
CASSYSGSPLHF	5.757142857142857	5_cluster
CASSDSGNSPLHF	5.328571428571428	5_cluster
CASSQDRGGQPQHF	5.425	5_cluster
CASSRGQGGQPQHF	4.942857142857143	5_cluster
CASSQEGSPLHF	5.8	5_cluster
CASSLGPGSGNTIYF	7.353571428571429	5_cluster
CASSLGDSSGNTIYF	7.582142857142857	5_cluster
CASSLAGVSGNTIYF	7.439285714285714	5_cluster
CASSFGSPLHF	5.632142857142857	5_cluster
CASSMDSNQPQHF	4.878571428571429	5_cluster
CASSLNRGQPQHF	4.839285714285714	5_cluster
CSARAGVQETQYF	8.821428571428571	5_cluster
CASSVTGGSGNTIYF	7.828571428571428	5_cluster
CASSSGAGNQPQHF	4.442857142857143	5_cluster
CASSAGDSPLHF	5.5964285714285715	5_cluster
CASSGGAGQPQHF	4.682142857142857	5_cluster
CASSLDGASGNTIYF	7.4071428571428575	5_cluster
CASSLRVDQPQHF	5.0964285714285715	5_cluster
CASSAGGDQPQHF	4.553571428571429	5_cluster
CASSSTGVGQPQHF	5.235714285714286	5_cluster
CASSLVGENQPQHF	4.525	5_cluster
CASSPPTESYGYTF	8.360714285714286	5_cluster
CASSWGQGNQPQHF	4.510714285714286	5_cluster
CASSPSNSPLHF	5.675	5_cluster
CASSLGGFSGNTIYF	7.435714285714286	5_cluster
CASRDRVNTEAFF	6.891089108910891	6_cluster
CASSSGQGGEKLFF	4.584158415841584	6_cluster
CASSLGTGEKLFF	3.8613861386138613	6_cluster
CASSPGTGGEKLFF	4.603960396039604	6_cluster
CASSRQGNEKLFF	4.178217821782178	6_cluster
CSARDGNTEAFF	7.148514851485149	6_cluster
CASSLGNEKLFF	4.079207920792079	6_cluster
CSARVGNTEAFF	7.198019801980198	6_cluster
CASSRNEKLFF	4.772277227722772	6_cluster
CSVGGGNTEAFF	7.1683168316831685	6_cluster
CASSLDSTNEKLFF	4.811881188118812	6_cluster
CASSPNEKLFF	4.891089108910891	6_cluster
CASSRTGATNEKLFF	4.643564356435643	6_cluster
CASSSNEKLFF	4.871287128712871	6_cluster
CASSYNEKLFF	5.01980198019802	6_cluster
CASSLGGNEKLFF	3.900990099009901	6_cluster
CASSYGQGGEKLFF	4.702970297029703	6_cluster
CASSLNEKLFF	4.683168316831683	6_cluster
CASSQNEKLFF	4.772277227722772	6_cluster
CSARAGNTEAFF	7.089108910891089	6_cluster
CASSPGQGTNEKLFF	4.534653465346534	6_cluster
CASSLRTGGEKLFF	4.653465346534653	6_cluster
CASSPGGANEKLFF	4.524752475247524	6_cluster
CASSYSGEKLFF	5.00990099009901	6_cluster
CASSLLNEKLFF	4.772277227722772	6_cluster
CASSLGTGNEKLFF	4.079207920792079	6_cluster
CASSLGGGTNEKLFF	4.3861386138613865	6_cluster
CASSRGGNEKLFF	3.9603960396039604	6_cluster
CASRLNEKLFF	5.2772277227722775	6_cluster
CASSTGTGNEKLFF	4.326732673267327	6_cluster
CASSPGGGEKLFF	4.356435643564357	6_cluster
CSARGGGTEAFF	7.0495049504950495	6_cluster
CASSLGQGATNEKLFF	4.900990099009901	6_cluster
CASSQGQGGEKLFF	4.653465346534653	6_cluster
CASSLAGGTNEKLFF	4.574257425742574	6_cluster
CASSLSGATNEKLFF	4.564356435643564	6_cluster
CASSLGQGNTGELFF	4.782178217821782	6_cluster
CASSPGTVNTGELFF	5.455445544554456	6_cluster
CASRGTANTGELFF	5.712871287128713	6_cluster
CASSQGNRANTEAFF	7.089108910891089	6_cluster
CASSLGQGSEKLFF	4.752475247524752	6_cluster
CASSLGGGNEKLFF	4.178217821782178	6_cluster
CASSSGATNEKLFF	4.306930693069307	6_cluster
CASSLSGANTGELFF	5.00990099009901	6_cluster
CASSRGQGNTGELFF	4.891089108910891	6_cluster
CASSPRTANTGELFF	5.4950495049504955	6_cluster
CASSLDTNTGELFF	4.99009900990099	6_cluster
CASSSGANTGELFF	4.643564356435643	6_cluster
CASSPGLAGAGELFF	5.99009900990099	6_cluster
CSASSGHEAFF	6.930693069306931	6_cluster
CASSPRQNTGELFF	4.98019801980198	6_cluster
CASSSGQGTGELFF	4.742574257425742	6_cluster
CASSLGGPNEKLFF	4.455445544554456	6_cluster
CASRRGTGELFF	4.910891089108911	6_cluster
CASSLDRGEKLFF	4.9405940594059405	6_cluster
CASSLQGTNTGELFF	5.01980198019802	6_cluster
CASSRQGSTGELFF	4.881188118811881	6_cluster
CASSSRQGGTGELFF	5.396039603960396	6_cluster
CASRTNTGELFF	5.1683168316831685	6_cluster
CASSSTGATNEKLFF	4.772277227722772	6_cluster
CASSSDRNTGELFF	5.198019801980198	6_cluster
CASSLAGVNEKLFF	4.693069306930693	6_cluster
CASSFATNEKLFF	4.594059405940594	6_cluster
CASSRDRGDEKLFF	5.445544554455446	6_cluster
CASSRQGTNTGELFF	5.089108910891089	6_cluster
CASSSGTGDEKLFF	4.792079207920792	6_cluster
CASRQNTGELFF	5.118811881188119	6_cluster
CASSLRQGDTGELFF	5.306930693069307	6_cluster
CASSLAGTNEKLFF	4.217821782178218	6_cluster
CASSLGQATNEKLFF	4.603960396039604	6_cluster
CASSFGGTNEKLFF	4.326732673267327	6_cluster
CASSPGANTGELFF	4.653465346534653	6_cluster
CASSLGQGRTGELFF	5.227722772277228	6_cluster
CASSWTATNEKLFF	4.920792079207921	6_cluster
CASSSGSTNEKLFF	4.4950495049504955	6_cluster
CASSQAGGNTGELFF	5.346534653465347	6_cluster
CASSAGTNTGELFF	4.801980198019802	6_cluster
CASSLLQGNTGELFF	5.118811881188119	6_cluster
CASSLRATNEKLFF	4.524752475247524	6_cluster
CASRGTGNTGELFF	5.346534653465347	6_cluster
CASSLGLNEKLFF	4.297029702970297	6_cluster
CASRTGATNEKLFF	5.00990099009901	6_cluster
CASSRGQGGEKLFF	4.5049504950495045	6_cluster
CASSGQGATNEKLFF	4.663366336633663	6_cluster
CASSPRTGNEKLFF	4.554455445544554	6_cluster
CASSLTGGGEKLFF	4.594059405940594	6_cluster
CASSSLAGGNTGELFF	5.811881188118812	6_cluster
CASSPGQTNEKLFF	4.3861386138613865	6_cluster
CASSLRGLNTGELFF	5.079207920792079	6_cluster
CASSILGAANTGELFF	6.079207920792079	6_cluster
CASSDRATGELFF	4.920792079207921	6_cluster
CASRRTANTGELFF	5.772277227722772	6_cluster
CASSVGPNTGELFF	4.9504950495049505	6_cluster
CASSPRGGEKLFF	4.603960396039604	6_cluster
CASSSGNEKLFF	4.2772277227722775	6_cluster
CASSPTSGGNTGELFF	6.03960396039604	6_cluster
CASSLFGEKLFF	4.772277227722772	6_cluster
CASSLQGVNEKLFF	4.544554455445544	6_cluster
CASSFLGEKLFF	4.99009900990099	6_cluster
CASSDRATNEKLFF	4.782178217821782	6_cluster
CASSRQGATNEKLFF	4.574257425742574	6_cluster
CASSLVRGTEAFF	2.946107784431138	7_cluster
CASSLTGSTEAFF	2.6167664670658684	7_cluster
CASSLTGGTEAFF	2.3652694610778444	7_cluster
CASSLTGATEAFF	2.6526946107784433	7_cluster
CASSLVGDTEAFF	2.802395209580838	7_cluster
CASSLVSGTEAFF	3.0419161676646707	7_cluster
CASSLVGGTEAFF	2.502994011976048	7_cluster
CASSLTGPTEAFF	2.7005988023952097	7_cluster
CASSLGREAFF	3.1736526946107784	7_cluster
CASSQDGGTEAFF	3.0059880239520957	7_cluster
CASSFTGGTEAFF	2.8682634730538923	7_cluster
CASSSTGGTEAFF	2.820359281437126	7_cluster
CASSKQGSTEAFF	3.251497005988024	7_cluster
CASSLLRTEAFF	3.18562874251497	7_cluster
CASSLVQGTEAFF	2.940119760479042	7_cluster
CASSLTGYTEAFF	2.688622754491018	7_cluster
CASSRQGGTEAFF	2.910179640718563	7_cluster
CASSLQGGTEAFF	2.467065868263473	7_cluster
CASSQTGGTEAFF	2.856287425149701	7_cluster
CASSLTGETEAFF	2.694610778443114	7_cluster
CASSLTGETEAFF	2.694610778443114	7_cluster
CASSSTGTEAFF	2.7664670658682633	7_cluster
CASSVGDTEAFF	3.0059880239520957	7_cluster
CASSSVGTEAFF	2.904191616766467	7_cluster
CASSSGGNTEAFF	3.18562874251497	7_cluster
CASSLGVEAFF	3.2275449101796405	7_cluster
CASSLGTEAFF	2.3293413173652695	7_cluster
CASSLVLGTEAFF	3.0119760479041915	7_cluster
CASSPGGNTEAFF	3.2035928143712575	7_cluster
CASSLVGVTEAFF	2.844311377245509	7_cluster
CASSRGGGTEAFF	2.8982035928143715	7_cluster
CASSLVGATEAFF	2.81437125748503	7_cluster
CASSLTGTTEAFF	2.6766467065868262	7_cluster
CASSWTGGTEAFF	2.8982035928143715	7_cluster
CASSLGFTEAFF	2.62874251497006	7_cluster
CASSLGPEAFF	3.245508982035928	7_cluster
CASSRVGTEAFF	2.874251497005988	7_cluster
CASSSQGTEAFF	2.8502994011976046	7_cluster
CASSLTGAEAFF	3.143712574850299	7_cluster
CASSITGGTEAFF	2.8922155688622753	7_cluster
CASSLDNTEAFF	3.2275449101796405	7_cluster
CASSLVEGTEAFF	3.053892215568862	7_cluster
CASSLPGDTEAFF	2.8502994011976046	7_cluster
CASSLGYTEAFF	2.6107784431137726	7_cluster
CASSQGTEAFF	2.7065868263473054	7_cluster
CASSATGGTEAFF	2.8862275449101795	7_cluster
CASSLVAGTEAFF	3.035928143712575	7_cluster
CASSLTGRTEAFF	2.6347305389221556	7_cluster
CASSSLGTEAFF	2.8323353293413174	7_cluster
CASSLGPTEAFF	2.6167664670658684	7_cluster
CASSLGLTEAFF	2.592814371257485	7_cluster
CASSLGLTEAFF	2.592814371257485	7_cluster
CASSQRGGTEAFF	2.9940119760479043	7_cluster
CASSEGTEAFF	2.838323353293413	7_cluster
CASSSTGSTEAFF	3.065868263473054	7_cluster
CASSSTGSTEAFF	3.065868263473054	7_cluster
CASSPDSTEAFF	3.6167664670658684	7_cluster
CASSFRGGTEAFF	3.0059880239520957	7_cluster
CASSRQGRTEAFF	3.179640718562874	7_cluster
CASSRQGRTEAFF	3.179640718562874	7_cluster
CASSLTGGDTEAFF	3.191616766467066	7_cluster
CASSLDRYTEAFF	3.4850299401197606	7_cluster
CASSLGGTEAFF	2.161676646706587	7_cluster
CASSLGGTEAFF	2.161676646706587	7_cluster
CASSDRGGTEAFF	2.970059880239521	7_cluster
CASSLTGDTEAFF	2.6407185628742513	7_cluster
CASSLDREAFF	3.874251497005988	7_cluster
CASSLDRGTEAFF	2.9520958083832336	7_cluster
CASSPGGSTEAFF	3.155688622754491	7_cluster
CASSRQGSTEAFF	3.161676646706587	7_cluster
CASRTGGTEAFF	3.377245508982036	7_cluster
CASSHGTEAFF	2.8802395209580838	7_cluster
CASSLGLEAFF	3.2335329341317367	7_cluster
CASSRTGGTEAFF	2.7964071856287425	7_cluster
CASSLVGSTEAFF	2.7784431137724552	7_cluster
CASSLGGNTEAFF	2.748502994011976	7_cluster
CASSLTGVTEAFF	2.682634730538922	7_cluster
CASSLATGTEAFF	2.964071856287425	7_cluster
CASSLDRSTEAFF	3.413173652694611	7_cluster
CASSLGGDTEAFF	2.7245508982035926	7_cluster
CASSAGTEAFF	2.844311377245509	7_cluster
CASSFQGGTEAFF	2.970059880239521	7_cluster
CASSTGTEAFF	2.6407185628742513	7_cluster
CASSYQGTEAFF	2.904191616766467	7_cluster
CASSYGTEAFF	2.8502994011976046	7_cluster
CASSLGQTEAFF	2.592814371257485	7_cluster
CASSLDRATEAFF	3.4790419161676644	7_cluster
CASSLGQGGTEAFF	3.2395209580838324	7_cluster
CASSDQGGTEAFF	2.9760479041916166	7_cluster
CASSLGVTEAFF	2.5988023952095807	7_cluster
CASSRTGSTEAFF	3.0479041916167664	7_cluster
CASSGTGGTEAFF	2.856287425149701	7_cluster
CASSGTGGTEAFF	2.856287425149701	7_cluster
CASSLERGTEAFF	3.0059880239520957	7_cluster
CASSLTGGSTEAFF	3.1676646706586826	7_cluster
CASSLQGGGTEAFF	3.251497005988024	7_cluster
CASSLEGGGTEAFF	3.3592814371257487	7_cluster
CASSLSRGTEAFF	2.964071856287425	7_cluster
CASSRLGTEAFF	2.808383233532934	7_cluster
CASSFPGGTEAFF	3.035928143712575	7_cluster
CASSDGTEAFF	2.7904191616766467	7_cluster
CASSPGTGDTEAFF	3.730538922155689	7_cluster
CASSLGGHTEAFF	2.7964071856287425	7_cluster
CASSLTGGGTEAFF	3.161676646706587	7_cluster
CASSLDGDTEAFF	2.820359281437126	7_cluster
CASSSQGSTEAFF	3.1676646706586826	7_cluster
CASSLGGTEAFF	2.161676646706587	7_cluster
CASSLGGTEAFF	2.161676646706587	7_cluster
CASSLGNTGELFF	4.263473053892215	7_cluster
CASSLNTGELFF	4.395209580838324	7_cluster
CASSLRGGTEAFF	2.502994011976048	7_cluster
CASSRTGDTEAFF	3.07185628742515	7_cluster
CASSLAGTGELFF	4.197604790419161	7_cluster
CASRGGTEAFF	3.431137724550898	7_cluster
CASSPGTEAFF	2.7964071856287425	7_cluster
CASSPTGGTEAFF	2.838323353293413	7_cluster
CASSGTGGTEAFF	2.856287425149701	7_cluster
CASSGTGGTEAFF	2.856287425149701	7_cluster
CASSLRTEAFF	3.0419161676646707	7_cluster
CASSRQGTEAFF	2.8263473053892216	7_cluster
CASSLGGSTEAFF	2.7005988023952097	7_cluster
CASSQGAGTEAFF	3.281437125748503	7_cluster
CASSLGVDTEAFF	3.2395209580838324	7_cluster
CASSLGAGTEAFF	2.874251497005988	7_cluster
CASSPLNTGELFF	5.131736526946108	7_cluster
CASSLVPGTEAFF	3.0419161676646707	7_cluster
CASSYTGQGAEAFF	4.502994011976048	7_cluster
CASSLGGRGTEAFF	3.281437125748503	7_cluster
CASSLGQGEAFF	3.2335329341317367	7_cluster
CASSLDRTGELFF	4.730538922155689	7_cluster
CASSFPGTEAFF	3.035928143712575	7_cluster
CASSLDNTGELFF	4.862275449101796	7_cluster
CASSSGTEAFF	2.784431137724551	7_cluster
CASSLGRTGELFF	4.179640718562874	7_cluster
CASSLGQGGEAFF	3.5748502994011977	7_cluster
CASSLEGSTEAFF	2.838323353293413	7_cluster
CASSPGQGAEAFF	4.083832335329341	7_cluster
CASSERGTGELFF	4.610778443113772	7_cluster
CASSLQGFTEAFF	2.820359281437126	7_cluster
CASSLGLTEAFF	2.592814371257485	7_cluster
CASSLGLTEAFF	2.592814371257485	7_cluster
CASSGLNTGELFF	5.077844311377246	7_cluster
CASSLKGDTEAFF	2.8922155688622753	7_cluster
CASSSRTEAFF	3.497005988023952	7_cluster
CASSYLGTEAFF	2.8862275449101795	7_cluster
CASSFDRGTEAFF	3.4550898203592815	7_cluster
CASSLDSYTEAFF	3.592814371257485	7_cluster
CASSYYTEAFF	3.712574850299401	7_cluster
CASSQEGGTEAFF	3.053892215568862	7_cluster
CASSVDRGTEAFF	3.4790419161676644	7_cluster
CASSPRQGSTEAFF	3.8502994011976046	7_cluster
CASSSQGATEAFF	3.197604790419162	7_cluster
CASSLTGETEAFF	2.694610778443114	7_cluster
CASSLTGETEAFF	2.694610778443114	7_cluster
CASSLVRTGELFF	4.730538922155689	7_cluster
CASSQGADTEAFF	3.6347305389221556	7_cluster
CASSLVVGTEAFF	3.0479041916167664	7_cluster
CASSIKGGTEAFF	3.1197604790419162	7_cluster
CASSLELGTEAFF	3.07185628742515	7_cluster
CASSPRVTEAFF	3.6467065868263475	7_cluster
CASSYRGTGELFF	4.604790419161676	7_cluster
CASSPRGAEAFF	3.7604790419161676	7_cluster
CASSLGQATEAFF	3.2634730538922154	7_cluster
CASSRQGRTEAFF	3.179640718562874	7_cluster
CASSRQGRTEAFF	3.179640718562874	7_cluster
CASSSTGSTEAFF	3.065868263473054	7_cluster
CASSSTGSTEAFF	3.065868263473054	7_cluster
CASSLGSEKLFF	5.531645569620253	8_cluster
CASSLGGGEKLFF	5.2784810126582276	8_cluster
CASSLGREKLFF	5.6455696202531644	8_cluster
CASSLAPGNTIYF	5.886075949367089	8_cluster
CASSLGGSEKLFF	5.3924050632911396	8_cluster
CASSEGGNTIYF	5.6455696202531644	8_cluster
CASSPLSGNTIYF	5.89873417721519	8_cluster
CASSLYNEQFF	4.075949367088608	8_cluster
CASSLDTGELFF	5.050632911392405	8_cluster
CASSLAGELFF	4.6075949367088604	8_cluster
CASSLGGYNEQFF	3.7088607594936707	8_cluster
CASSLVGGELFF	4.6455696202531644	8_cluster
CASSPGLAGYNEQFF	5.075949367088608	8_cluster
CASSLGGGNTIYF	5.417721518987341	8_cluster
CASSLPGNTIYF	5.455696202531645	8_cluster
CASSPSYNEQFF	4.379746835443038	8_cluster
CASSTYNEQFF	4.481012658227848	8_cluster
CASSLEGSSYNEQFF	5.367088607594937	8_cluster
CASSPGGNTIYF	5.518987341772152	8_cluster
CASSPTSGGYNEQFF	5.189873417721519	8_cluster
CASSGSGNTIYF	5.6075949367088604	8_cluster
CASSFSTGELFF	5.3924050632911396	8_cluster
CASSLGLAGDNEQFF	5.341772151898734	8_cluster
CASSRSGNTIYF	5.746835443037975	8_cluster
CASSLISGNTIYF	5.8354430379746836	8_cluster
CASSLTSGYNEQFF	4.3924050632911396	8_cluster
CASSSSGGSYNEQFF	5.3924050632911396	8_cluster
CASSLDRNNEQFF	4.89873417721519	8_cluster
CASSQGGELFF	4.848101265822785	8_cluster
CASSLLYNEQFF	4.1645569620253164	8_cluster
CASSLNYNEQFF	4.215189873417722	8_cluster
CASSLRGGNTIYF	5.544303797468355	8_cluster
CASSRLAGGNEQFF	4.658227848101266	8_cluster
CASSRQGSYNEQFF	4.936708860759493	8_cluster
CASSPRAGELFF	5.367088607594937	8_cluster
CASSLVDEQFF	5.10126582278481	8_cluster
CASSSTGNTIYF	5.746835443037975	8_cluster
CASSLGQGGYNEQFF	4.89873417721519	8_cluster
CASSQGGNTIYF	5.569620253164557	8_cluster
CASSQVGNTIYF	5.962025316455696	8_cluster
CASSLAGANEQFF	4.215189873417722	8_cluster
CASSPGTNNEQFF	4.8354430379746836	8_cluster
CASSPTYNEQFF	4.493670886075949	8_cluster
CASSLGTSGSNEQFF	5.2784810126582276	8_cluster
CASSLAGNYNEQFF	4.556962025316456	8_cluster
CASSLSGPYNEQFF	4.493670886075949	8_cluster
CASSLSTYNEQFF	4.3544303797468356	8_cluster
CASSRAGELFF	5.063291139240507	8_cluster
CASSFGLYNEQFF	4.594936708860759	8_cluster
CASSPGQGNEQFF	4.455696202531645	8_cluster
CASSRDRGSYNEQFF	5.569620253164557	8_cluster
CASSLVDNEQFF	4.531645569620253	8_cluster
CASSLDRNEQFF	4.481012658227848	8_cluster
CASSLGSGGYNEQFF	4.746835443037975	8_cluster
CASSLRGDEQFF	4.531645569620253	8_cluster
CASSTGLAGYNEQFF	5.1645569620253164	8_cluster
CASSFFNEQFF	4.987341772151899	8_cluster
CASSFSGGYNEQFF	4.582278481012659	8_cluster
CASSLTGAYNEQFF	4.455696202531645	8_cluster
CASSSQGAGELFF	5.594936708860759	8_cluster
CASSWDTGELFF	5.556962025316456	8_cluster
CASSLLGGSYNEQFF	4.962025316455696	8_cluster
CASSPSGTYNEQFF	4.810126582278481	8_cluster
CASSPSSSYNEQFF	5.405063291139241	8_cluster
CASSSLNEQFF	4.620253164556962	8_cluster
CASSRSGGAYNEQFF	5.3164556962025316	8_cluster
CASSPEGNTIYF	5.9113924050632916	8_cluster
CASSLGQGYEKLFF	5.7974683544303796	8_cluster
CASSQLAGAYNEQFF	5.2405063291139244	8_cluster
CASSLDGGYTF	5.886075949367089	8_cluster
CASSQGGAGELFF	5.379746835443038	8_cluster
CASSIPGNTIYF	6.0	8_cluster
CASSSGTGGYNEQFF	5.253164556962025	8_cluster
CASSLAPGELFF	5.063291139240507	8_cluster
CASSLDRGEQFF	4.734177215189874	8_cluster
CASSLGLAGSNEQFF	5.291139240506329	8_cluster
CASSLIGELFF	4.772151898734177	8_cluster
CASSRTGGYNEQFF	4.6075949367088604	8_cluster
CASSLTGGTYNEQFF	5.037974683544304	8_cluster
