run,number_of_clones,number_of_reads
550041430_TCRB.tsv.txt,28869,78521
BS-GIGI_56-replacement_TCRB.tsv.txt,38743,90335
INCOV064-BL-3_TCRB.tsv.txt,50706,56214
BS-GIGI_52-replacement_TCRB.tsv.txt,51142,73563
BS-HS-64_TCRB.tsv.txt,25732,48442
1015-LR-446_TCRB.tsv.txt,53110,85127
BS-HS-38_TCRB.tsv.txt,54709,77750
BS-EQ-0016-T1-replacement_TCRB.tsv.txt,63217,90946
550040140_TCRB.tsv.txt,64211,143465
860011213_TCRB.tsv.txt,72126,267402
550041293_TCRB.tsv.txt,71332,268171
BS-EQ-17-T1b-replacement_TCRB.tsv.txt,88858,146866
BS-GIGI_64-replacement_TCRB.tsv.txt,48450,59080
INCOV053-AC-3_TCRB.tsv.txt,104932,228742
BS-GIGI_49-replacement_TCRB.tsv.txt,42601,55465
INCOV072-BL-3_TCRB.tsv.txt,52738,142874
BS-EQ-16-T2-replacement_TCRB.tsv.txt,116072,164248
550041499_TCRB.tsv.txt,120449,561596
BS-GIGI_16-replacement_TCRB.tsv.txt,83413,138429
KHBR20-00186_TCRB.tsv.txt,145015,235057
BS-GIGI_89-replacement_TCRB.tsv.txt,143818,285037
BS-GIGI_76-replacement_TCRB.tsv.txt,133824,195715
KH20-09741_TCRB.tsv.txt,152596,226817
INCOV020-AC-5_TCRB.tsv.txt,45997,99297
860011327_TCRB.tsv.txt,86459,1807520
KH20-11659_TCRB.tsv.txt,167978,603253
BS-HS-183_TCRB.tsv.txt,172435,371566
KHBR20-00135_TCRB.tsv.txt,181451,238264
860011445_TCRB.tsv.txt,203877,350247
BS-GIGI_27-replacement_TCRB.tsv.txt,137807,184685
KHBR20-00149_TCRB.tsv.txt,74615,106136
KH20-09946_TCRB.tsv.txt,215679,377340
KH20-09753_TCRB.tsv.txt,228106,321024
BS-HS-116_TCRB.tsv.txt,17380,36261
1019_TCRB.tsv.txt,246316,435631
BS-GIGI_63-replacement_TCRB.tsv.txt,237763,343105
KH20-09695_TCRB.tsv.txt,136577,295431
KH20-09692_TCRB.tsv.txt,201023,260066
KH20-09986_TCRB.tsv.txt,258379,398765
INCOV018-CV-3_TCRB.tsv.txt,22634,75224
550042933_TCRB.tsv.txt,139001,570265
860011341_TCRB.tsv.txt,70388,251363
BS-GN-0004-T0-replacement_TCRB.tsv.txt,54753,87014
BS-HS-0149_TCRB.tsv.txt,142467,236224
BS-EQ-0024-T1-replacement_TCRB.tsv.txt,47586,78393
BS-EQ-30-T1-replacement_TCRB.tsv.txt,256226,354373
BS-HS-0196_TCRB.tsv.txt,99256,123687
860011285_TCRB.tsv.txt,332811,489719
KH20-11688_TCRB.tsv.txt,128094,202399
1001_TCRB.tsv.txt,68127,120947
860011242_TCRB.tsv.txt,278829,438821
KH20-11680_TCRB.tsv.txt,257814,336027
550043928_TCRB.tsv.txt,277163,572608
860011230_TCRB.tsv.txt,183414,318032
KHBR20-00142_TCRB.tsv.txt,11474,31698
860011239_TCRB.tsv.txt,72715,117101
INCOV085-BL-3_TCRB.tsv.txt,406212,638734
ADIRP0000137_TCRB.tsv.txt,33385,42761
550043912_TCRB.tsv.txt,120546,229837
KHBR20-00143_TCRB.tsv.txt,138615,166663
1033_TCRB.tsv.txt,345796,1068954
BS-EQ-11-T3-replacement_TCRB.tsv.txt,57326,118350
BS-HS-60_TCRB.tsv.txt,46869,53884
KH20-11807_TCRB.tsv.txt,163687,276598
BS-HS-166_TCRB.tsv.txt,36216,71299
860011120_TCRB.tsv.txt,56670,65627
INCOV059-BL-3_TCRB.tsv.txt,409175,853913
2987BW_TCRB.tsv.txt,367209,696513
860011218_TCRB.tsv.txt,154839,206038
KHBR20-00116_TCRB.tsv.txt,268149,848689
BS-EQ-0024-T0-replacement_TCRB.tsv.txt,35415,42811
BS-EQ-12-T1-replacement_TCRB.tsv.txt,15401,38803
BS-HS-118_TCRB.tsv.txt,155016,298001
INCOV018-BL-5_TCRB.tsv.txt,21489,50012
INCOV058-AC-3_TCRB.tsv.txt,115005,938653
KHBR20-00079_TCRB.tsv.txt,271160,319310
BS-HS-96_TCRB.tsv.txt,34922,45768
860011204_TCRB.tsv.txt,62615,145139
KH20-11691_TCRB.tsv.txt,551218,773413
ADIRP0001063_TCRB.tsv.txt,384360,1118175
KH20-11642_TCRB.tsv.txt,130413,233525
860011356_TCRB.tsv.txt,357289,1007150
860011276_TCRB.tsv.txt,251112,621860
INCOV076-AC-3_TCRB.tsv.txt,277297,644858
INCOV071-BL-3_TCRB.tsv.txt,93017,229736
KHBR20-00081_TCRB.tsv.txt,102432,126379
KH20-09684_TCRB.tsv.txt,113082,199096
BS-HS-127_TCRB.tsv.txt,82553,174779
860011252_TCRB.tsv.txt,493582,775382
ADIRP0000423_TCRB.tsv.txt,511593,653614
ADIRP0001920_TCRB.tsv.txt,513509,718156
INCOV086-BL-3_TCRB.tsv.txt,8293,36110
INCOV050-BL-3_TCRB.tsv.txt,386983,664265
INCOV082-BL-3_TCRB.tsv.txt,671056,1157563
KH20-09693_TCRB.tsv.txt,528624,932144
KHBR20-00129_TCRB.tsv.txt,347864,429500
860011289_TCRB.tsv.txt,278551,649492
KHBR20-00105_TCRB.tsv.txt,91440,123877
KH20-09736_TCRB.tsv.txt,188324,246774
ADIRP0002514_TCRB.tsv.txt,533505,745772
INCOV022-CV-3_TCRB.tsv.txt,427753,948131
KH20-11811_TCRB.tsv.txt,109292,178811
860011395_TCRB.tsv.txt,66410,717075
ADIRP0000357_TCRB.tsv.txt,782502,1028134
860011125_TCRB.tsv.txt,155051,1290607
KH20-09746_TCRB.tsv.txt,177088,350346
860011463_TCRB.tsv.txt,168587,910486
KH20-11646_TCRB.tsv.txt,222339,321794
INCOV072-AC-3_TCRB.tsv.txt,104525,233815
5115BW_TCRB.tsv.txt,261794,1612533
ADIRP0002581_TCRB.tsv.txt,359440,550738
ADIRP0001958_TCRB.tsv.txt,247358,374185
KH20-09742_TCRB.tsv.txt,281096,417585
BS-HS-160_TCRB.tsv.txt,38631,53557
550041374_TCRB.tsv.txt,9488,11719
KH20-11300_TCRB.tsv.txt,208962,321161
1029_TCRB.tsv.txt,115657,294197
860011487_TCRB.tsv.txt,132999,182387
INCOV031-BL-3_TCRB.tsv.txt,81281,111783
BS-GIGI_80-replacement_TCRB.tsv.txt,64110,110954
860011315_TCRB.tsv.txt,207294,390605
KHBR20-00160_TCRB.tsv.txt,81576,167186
KH20-09739_TCRB.tsv.txt,369097,736468
1566779BW_TCRB.tsv.txt,523300,1371333
INCOV023-AC-3_TCRB.tsv.txt,652365,994888
KH20-11808_TCRB.tsv.txt,51784,260644
860011233_TCRB.tsv.txt,185808,705409
ADIRP0000057_TCRB.tsv.txt,760804,1051146
BS-GN-0012-T0-replacement_TCRB.tsv.txt,42191,78060
KH20-09667_TCRB.tsv.txt,45700,74768
860011321_TCRB.tsv.txt,43099,192899
1039_TCRB.tsv.txt,256446,462666
INCOV038-BL-3_TCRB.tsv.txt,474938,618211
BS-GIGI_30-replacement_TCRB.tsv.txt,106502,151857
860011309_TCRB.tsv.txt,143461,387803
ADIRP0001929_TCRB.tsv.txt,419129,909505
BS-HS-215_TCRB.tsv.txt,35375,47484
KHBR20-00158_TCRB.tsv.txt,155262,362693
1566746BW_TCRB.tsv.txt,396988,682709
1056_TCRB.tsv.txt,70658,157068
BS-HS-191_TCRB.tsv.txt,245030,443829
ADIRP0002887_TCRB.tsv.txt,355969,569250
KH20-11670_TCRB.tsv.txt,183533,752975
KHBR20-00171_TCRB.tsv.txt,65513,81027
KH20-09977_TCRB.tsv.txt,243908,463839
964229BW_TCRB.tsv.txt,317268,721465
KH20-09678_TCRB.tsv.txt,155421,204406
KH20-11685_TCRB.tsv.txt,211887,641228
ADIRP0000392_TCRB.tsv.txt,395261,792119
ADIRP0000730_TCRB.tsv.txt,398439,913899
ADIRP0001296_TCRB.tsv.txt,120236,214651
BS-HS-0172_TCRB.tsv.txt,48349,63107
ADIRP0001202_TCRB.tsv.txt,437584,643092
BS-EQ-34-T0-replacement_TCRB.tsv.txt,96207,164883
BS-HS-112_TCRB.tsv.txt,12831,20871
860011347_TCRB.tsv.txt,367289,678518
KH20-09748_TCRB.tsv.txt,242907,614114
860011121_TCRB.tsv.txt,560153,743436
6232BW_TCRB.tsv.txt,268983,549024
KH20-11697_TCRB.tsv.txt,79526,98000
1043_TCRB.tsv.txt,49473,106648
KH20-09951_TCRB.tsv.txt,230292,399289
550043911_TCRB.tsv.txt,70540,271554
550042599_TCRB.tsv.txt,159732,238475
860011495_TCRB.tsv.txt,535150,739671
BS-EQ-29-T1-replacement_TCRB.tsv.txt,80733,152561
860011220_TCRB.tsv.txt,28903,166005
1129-LVM-668_TCRB.tsv.txt,172069,382693
BS-EQ-32-T1-replacement_TCRB.tsv.txt,168657,211824
550042515_TCRB.tsv.txt,87870,178611
BS-GIGI_35-replacement_TCRB.tsv.txt,94602,142008
KHBR20-00178_TCRB.tsv.txt,160352,619461
KH20-09975_TCRB.tsv.txt,270414,414776
BS-GIGI_15-replacement_TCRB.tsv.txt,42942,89758
ADIRP0000117_TCRB.tsv.txt,627846,978292
BS-HS-0147_TCRB.tsv.txt,163804,629153
KH20-09717_TCRB.tsv.txt,417622,1528210
1035_TCRB.tsv.txt,61918,637732
860011492_TCRB.tsv.txt,120015,297613
INCOV003-BL-5_TCRB.tsv.txt,90118,103977
BS-EQ-11-T2-replacement_TCRB.tsv.txt,39171,87360
BS-GIGI_85-replacement_TCRB.tsv.txt,44516,56736
ADIRP0001079_TCRB.tsv.txt,513972,718213
BS-GIGI_32-replacement_TCRB.tsv.txt,36432,50615
1020_TCRB.tsv.txt,405407,1170644
ADIRP0001463_TCRB.tsv.txt,877663,1193991
860011224_TCRB.tsv.txt,509268,951464
KH20-11676_TCRB.tsv.txt,209362,283686
ADIRP0002291_TCRB.tsv.txt,415828,919675
ADIRP0001215_TCRB.tsv.txt,314034,591770
860011320_TCRB.tsv.txt,25267,164655
860011251_TCRB.tsv.txt,414560,1506392
KH20-09985_TCRB.tsv.txt,197697,399197
860011450_TCRB.tsv.txt,144000,646260
ADIRP0001717_TCRB.tsv.txt,465162,700268
550043920_TCRB.tsv.txt,353749,461655
BS-GIGI_88-replacement_TCRB.tsv.txt,72120,138283
BS-HS-133_TCRB.tsv.txt,36075,80478
BS-GN-0016-T0-replacement_TCRB.tsv.txt,167376,213471
KH20-11810_TCRB.tsv.txt,74032,108591
BS-HS-57_TCRB.tsv.txt,11250,32045
BS-GIGI_62-replacement_TCRB.tsv.txt,61884,117934
860011314_TCRB.tsv.txt,178721,841430
BS-GIGI_66-replacement_TCRB.tsv.txt,44359,67482
860011205_TCRB.tsv.txt,23878,99410
KHBR20-00156_TCRB.tsv.txt,92096,167927
1004-BM-132_TCRB.tsv.txt,232413,427232
INCOV032-AC-3_TCRB.tsv.txt,141212,269020
INCOV068-AC-3_TCRB.tsv.txt,543477,863172
INCOV067-AC-3_TCRB.tsv.txt,0,0
BS-EQ-29-T0-replacement_TCRB.tsv.txt,70417,135973
INCOV083-BL-3_TCRB.tsv.txt,365752,757905
550043914_TCRB.tsv.txt,270953,634330
KH20-11702_TCRB.tsv.txt,161958,302394
1469-CA-823_TCRB.tsv.txt,156345,337070
ADIRP0001104_TCRB.tsv.txt,149314,189450
INCOV025-AC-3_TCRB.tsv.txt,174098,405776
KH20-11647_TCRB.tsv.txt,103971,454293
INCOV062-AC-3_TCRB.tsv.txt,477136,972554
KHBR20-00076_TCRB.tsv.txt,148624,937693
KHBR20-00190_TCRB.tsv.txt,347200,630716
A-S-replacement_TCRB.tsv.txt,122411,171117
INCOV001-AC-5_TCRB.tsv.txt,402313,586408
KHBR20-00108_TCRB.tsv.txt,179075,327896
KHBR20-00151_TCRB.tsv.txt,217846,360251
BS-EQ-10-T1-replacement_TCRB.tsv.txt,25125,46383
BS-EQ-0027-T1-replacement_TCRB.tsv.txt,34871,51508
550043955_TCRB.tsv.txt,136973,675362
860011352_TCRB.tsv.txt,130241,252851
BS-GIGI_75-replacement_TCRB.tsv.txt,273044,364070
KHBR20-00167_TCRB.tsv.txt,95702,137853
BS-GIGI_71-replacement_TCRB.tsv.txt,3202,5280
KHBR20-00146_TCRB.tsv.txt,510036,706901
ADIRP0000679_TCRB.tsv.txt,806306,1069561
KH20-11690_TCRB.tsv.txt,354752,614287
BS-GIGI_92-replacement_TCRB.tsv.txt,109043,185765
BS-HS-86_TCRB.tsv.txt,139383,201604
1005_TCRB.tsv.txt,21218,48438
KH20-11653_TCRB.tsv.txt,441068,944104
KHBR20-00182_TCRB.tsv.txt,63629,370067
ADIRP0000052_TCRB.tsv.txt,461477,729647
860011232_TCRB.tsv.txt,340766,1405179
BS-HS-223_TCRB.tsv.txt,90759,163984
KH20-11307_TCRB.tsv.txt,45571,123132
INCOV063-AC-3_TCRB.tsv.txt,329764,863493
KH20-09974_TCRB.tsv.txt,273236,573571
1051_TCRB.tsv.txt,878218,1336903
BS-EQ-0014-T1-replacement_TCRB.tsv.txt,191036,238752
BS-HS-65_TCRB.tsv.txt,27721,62648
BS-EQ-43-T1_BS-GIGI-137-replacement_TCRB.tsv.txt,78294,133266
860011131_TCRB.tsv.txt,145343,241523
BS-HS-31_TCRB.tsv.txt,12794,23988
860011107_TCRB.tsv.txt,28038,34710
1060_TCRB.tsv.txt,263066,849768
1016_TCRB.tsv.txt,119776,331247
BS-HS-15_TCRB.tsv.txt,94393,243655
860011280_TCRB.tsv.txt,281973,574766
KH20-11295_TCRB.tsv.txt,56319,71191
ADIRP0000120_TCRB.tsv.txt,886534,1212560
INCOV047-AC-3_TCRB.tsv.txt,298500,393101
550042410_TCRB.tsv.txt,111689,146583
ADIRP0000347_TCRB.tsv.txt,600732,985893
550043903_TCRB.tsv.txt,132096,392874
KH20-09658_TCRB.tsv.txt,494108,630736
860011323_TCRB.tsv.txt,243115,454544
KHBR20-00091_TCRB.tsv.txt,242433,344876
860011108_TCRB.tsv.txt,71232,130425
KHBR20-00138_TCRB.tsv.txt,47615,1352256
KHBR20-00144_TCRB.tsv.txt,75708,280490
860011116_TCRB.tsv.txt,112190,266866
INCOV005-AC-5_TCRB.tsv.txt,132182,246762
3602BW_TCRB.tsv.txt,474419,638462
KHBR20-00201_TCRB.tsv.txt,185232,235856
550042609_TCRB.tsv.txt,159925,230041
BS-EQ-07-T1-replacement_TCRB.tsv.txt,50694,91433
KHBR20-00089_TCRB.tsv.txt,47210,174988
ADIRP0001893_TCRB.tsv.txt,384050,652016
BS-HS-130_TCRB.tsv.txt,18531,50871
1061_TCRB.tsv.txt,52776,265257
1024_TCRB.tsv.txt,108751,224323
BS-EQ-35-T0-replacement_TCRB.tsv.txt,84824,157527
860011337_TCRB.tsv.txt,132132,658543
BS-HS-164_TCRB.tsv.txt,98834,286207
BS-GIGI_44-replacement_TCRB.tsv.txt,15574,19329
1127-BA-739_TCRB.tsv.txt,55716,128110
BS-EQ-0001-T1-replacement_TCRB.tsv.txt,34831,68238
KH20-09712_TCRB.tsv.txt,701166,1125143
KH20-11651_TCRB.tsv.txt,304759,656542
KH20-09750_TCRB.tsv.txt,129338,230540
989003BW_TCRB.tsv.txt,401155,579997
1566515BW_TCRB.tsv.txt,233105,591060
ADIRP0002499_TCRB.tsv.txt,369273,700656
KH20-09972_TCRB.tsv.txt,355743,557871
1568100BW_TCRB.tsv.txt,308561,408187
INCOV057-AC-3_TCRB.tsv.txt,561563,849728
KH20-09954_TCRB.tsv.txt,222406,352383
ADIRP0001163_TCRB.tsv.txt,496011,793686
INCOV005-CV-3_TCRB.tsv.txt,170640,417567
860011227_TCRB.tsv.txt,191446,1135404
ADIRP0001726_TCRB.tsv.txt,491980,717215
ADIRP0002417_TCRB.tsv.txt,225177,407280
KHBR20-00165_TCRB.tsv.txt,86124,137025
BS-HS-0173_TCRB.tsv.txt,79657,130009
KH20-11641_TCRB.tsv.txt,206330,335563
ADIRP0000570_TCRB.tsv.txt,258785,437490
860011234_TCRB.tsv.txt,28736,77720
KH20-11656_TCRB.tsv.txt,413540,651655
KH20-09969_TCRB.tsv.txt,458023,878161
860011118_TCRB.tsv.txt,273754,1123742
297752BW_TCRB.tsv.txt,173572,607307
BS-GN-0010-T0-replacement_TCRB.tsv.txt,26537,36686
INCOV015-AC-5_TCRB.tsv.txt,313846,545569
ADIRP0002464_TCRB.tsv.txt,113312,191136
BS-EQ-28-T2-replacement_TCRB.tsv.txt,168797,234243
INCOV006-AC-5_TCRB.tsv.txt,296246,395960
550042361_TCRB.tsv.txt,108091,211718
BS-HS-155_TCRB.tsv.txt,135879,238509
ADIRP0002512_TCRB.tsv.txt,327315,952401
BS-HS-187_TCRB.tsv.txt,54181,83903
ADIRP0000837_TCRB.tsv.txt,255283,512911
ADIRP0002576_TCRB.tsv.txt,396721,533101
KH20-09950_TCRB.tsv.txt,435145,571092
ADIRP0000919_TCRB.tsv.txt,257796,383100
INCOV081-AC-3_TCRB.tsv.txt,893613,1183265
BS-EQ-44-T0_BS-GIGI_11-replacement_TCRB.tsv.txt,3498,27924
1062_TCRB.tsv.txt,312541,1149711
1445BW_TCRB.tsv.txt,571870,1075783
BS-GIGI_01-replacement_TCRB.tsv.txt,54146,100258
1047_TCRB.tsv.txt,589083,1116369
INCOV057-BL-3_TCRB.tsv.txt,615958,939568
550042451_TCRB.tsv.txt,825865,1348313
BS-GIGI_03-replacement_TCRB.tsv.txt,67321,106715
KH20-09665_TCRB.tsv.txt,32861,60880
BS-GN-0008-T0-replacement_TCRB.tsv.txt,24558,100598
860011326_TCRB.tsv.txt,282672,549057
INCOV035-AC-3_TCRB.tsv.txt,168453,260523
BS-GIGI_33-replacement_TCRB.tsv.txt,88672,154760
INCOV051-BL-3_TCRB.tsv.txt,260151,381365
INCOV011-AC-5_TCRB.tsv.txt,172891,318046
860011322_TCRB.tsv.txt,87299,215244
1011-BE-471_TCRB.tsv.txt,136385,226567
110047542_TCRB.tsv.txt,282020,815336
KH20-11650_TCRB.tsv.txt,44233,914609
BS-HS-189_TCRB.tsv.txt,148923,1499461
BS-SPECIAL-1_TCRB.tsv.txt,32466,37155
1064_TCRB.tsv.txt,140694,312620
KH20-09714_TCRB.tsv.txt,272000,438591
KH20-09729_TCRB.tsv.txt,434941,849522
ADIRP0000709_TCRB.tsv.txt,444813,661317
KHBR20-00174_TCRB.tsv.txt,422651,593476
ADIRP0002175_TCRB.tsv.txt,674071,854774
BS-EQ-31-T0-replacement_TCRB.tsv.txt,37502,55123
BS-EQ-38-T2-replacement_TCRB.tsv.txt,139289,247038
INCOV060-BL-3_TCRB.tsv.txt,569187,1150804
860011249_TCRB.tsv.txt,330180,484397
BS-HS-138_TCRB.tsv.txt,44460,83989
KH20-09984_TCRB.tsv.txt,209564,497182
INCOV049-AC-3_TCRB.tsv.txt,133674,201934
BS-HS-208_TCRB.tsv.txt,330567,474284
KH20-09661_TCRB.tsv.txt,84440,132998
KH20-09724_TCRB.tsv.txt,125654,451324
ADIRP0000045_TCRB.tsv.txt,440683,584838
KH20-09687_TCRB.tsv.txt,129885,366495
ADIRP0000623_TCRB.tsv.txt,712801,1280806
KH20-11294_TCRB.tsv.txt,96536,157030
ADIRP0001388_TCRB.tsv.txt,673110,871923
INCOV078-AC-3_TCRB.tsv.txt,962377,1318260
860011462_TCRB.tsv.txt,41155,106725
INCOV073-AC-3_TCRB.tsv.txt,304761,496215
BS-EQ-41-T0-replacement_TCRB.tsv.txt,158613,217914
INCOV015-BL-5_TCRB.tsv.txt,112674,210553
BS-HS-220_TCRB.tsv.txt,84742,160937
BS-GIGI_04-replacement_TCRB.tsv.txt,27785,95689
ADIRP0000067_TCRB.tsv.txt,388939,622070
860011109_TCRB.tsv.txt,79024,169862
INCOV074-BL-3_TCRB.tsv.txt,679280,905921
KH20-09685_TCRB.tsv.txt,167187,321111
ADIRP0000036_TCRB.tsv.txt,606057,907816
BS-GIGI_51-replacement_TCRB.tsv.txt,50258,225835
BS-GN-0007-T0-replacement_TCRB.tsv.txt,16785,27173
ADIRP0001869_TCRB.tsv.txt,396323,763481
KH20-09964_TCRB.tsv.txt,143175,271814
KH20-09660_TCRB.tsv.txt,172189,353899
KHBR20-00102_TCRB.tsv.txt,158294,315722
L-I-replacement_TCRB.tsv.txt,172859,342608
KHBR20-00119_TCRB.tsv.txt,73600,242674
BS-GIGI_78-replacement_TCRB.tsv.txt,72463,93682
BS-HS-120_TCRB.tsv.txt,66232,87499
KH20-11643_TCRB.tsv.txt,127823,536958
BS-HS-20_TCRB.tsv.txt,49141,64442
ADIRP0002498_TCRB.tsv.txt,894245,1453906
INCOV018-AC-5_TCRB.tsv.txt,22158,52224
KH20-11654_TCRB.tsv.txt,418014,588107
ADIRP0000975_TCRB.tsv.txt,344542,498044
860011111_TCRB.tsv.txt,215767,426122
ADIRP0001152_TCRB.tsv.txt,477178,722370
BS-EQ-36-T0-replacement_TCRB.tsv.txt,109242,134073
KHBR20-00085_TCRB.tsv.txt,40963,157338
860011263_TCRB.tsv.txt,340935,595977
KH20-09700_TCRB.tsv.txt,25118,50172
INCOV056-BL-3_TCRB.tsv.txt,627781,865704
BS-HS-0201_TCRB.tsv.txt,102686,199501
BS-GIGI_36-replacement_TCRB.tsv.txt,59106,97484
INCOV027-AC-3_TCRB.tsv.txt,546791,768279
KH20-09691_TCRB.tsv.txt,226182,475447
BS-HS-224_TCRB.tsv.txt,14002,63273
KHBR20-00202_TCRB.tsv.txt,146097,339198
INCOV024-CV-3_TCRB.tsv.txt,270132,426123
860011113_TCRB.tsv.txt,148741,252013
INCOV054-BL-3_TCRB.tsv.txt,252302,461340
KHBR20-00103_TCRB.tsv.txt,89608,115827
1031_TCRB.tsv.txt,123699,980956
INCOV052-AC-3_TCRB.tsv.txt,461881,709618
860011288_TCRB.tsv.txt,152312,418072
KHBR20-00163_TCRB.tsv.txt,211868,266415
BS-HS-16_TCRB.tsv.txt,124241,169222
BS-HS-18_TCRB.tsv.txt,11146,16850
KH20-09994_TCRB.tsv.txt,692960,1359359
KH20-09654_TCRB.tsv.txt,325967,454788
INCOV002-CV-3_TCRB.tsv.txt,597188,1131750
3977BW_TCRB.tsv.txt,420084,750867
860011243_TCRB.tsv.txt,143445,234444
BS-HS-0175_TCRB.tsv.txt,100528,148478
KH20-09973_TCRB.tsv.txt,447001,787012
550041451_TCRB.tsv.txt,24304,232275
KHBR20-00206_TCRB.tsv.txt,65153,127886
KH20-09721_TCRB.tsv.txt,526495,924989
BS-HS-0170_TCRB.tsv.txt,31659,45378
860011124_TCRB.tsv.txt,54866,74510
KH20-09978_TCRB.tsv.txt,225224,611723
2402BW_TCRB.tsv.txt,309132,855329
KHBR20-00181_TCRB.tsv.txt,120447,164031
ADIRP0002705_TCRB.tsv.txt,472053,883491
ADIRP0000106_TCRB.tsv.txt,536130,828941
ADIRP0000387_TCRB.tsv.txt,570747,759571
KH20-09710_TCRB.tsv.txt,231952,657811
INCOV028-BL-3_TCRB.tsv.txt,70406,97974
KH20-09953_TCRB.tsv.txt,267927,414967
ADIRP0000342_TCRB.tsv.txt,289060,420208
550040521_TCRB.tsv.txt,128531,244250
860011129_TCRB.tsv.txt,55770,96279
BS-EQ-33-T2-replacement_TCRB.tsv.txt,150385,284145
1050_TCRB.tsv.txt,256598,2022849
ADIR0000086_TCRB.tsv.txt,486047,891795
860011355_TCRB.tsv.txt,314991,818227
BS-EQ-38-T0-replacement_TCRB.tsv.txt,89632,156546
KH20-09705_TCRB.tsv.txt,231220,393163
860011215_TCRB.tsv.txt,62586,88375
860011264_TCRB.tsv.txt,416203,899355
BS-EQ-14-T3-replacement_TCRB.tsv.txt,120760,175908
KH20-09727_TCRB.tsv.txt,233485,756038
BS-GIGI_95-replacement_TCRB.tsv.txt,8574,25797
KHBR20-00205_TCRB.tsv.txt,149549,219396
ADIRP0001278_TCRB.tsv.txt,564079,939636
860011248_TCRB.tsv.txt,77211,123565
BS-GIGI_94-replacement_TCRB.tsv.txt,194868,546374
550042351_TCRB.tsv.txt,107400,220126
BS-HS-82_TCRB.tsv.txt,26684,39112
INCOV081-BL-3_TCRB.tsv.txt,795206,1030838
234129BW_TCRB.tsv.txt,414191,715099
ADIRP0002474_TCRB.tsv.txt,350790,803058
860011346_TCRB.tsv.txt,190988,536798
ADIRP0000141_TCRB.tsv.txt,596278,923195
ADIRP0002300_TCRB.tsv.txt,231711,577802
KHBR20-00145_TCRB.tsv.txt,131293,179631
KH20-11678_TCRB.tsv.txt,293592,636355
INCOV079-AC-3_TCRB.tsv.txt,317478,464747
550043905_TCRB.tsv.txt,64218,259231
860011286_TCRB.tsv.txt,258128,487395
KH20-09980_TCRB.tsv.txt,229039,531536
ADIRP0000289_TCRB.tsv.txt,806204,1123377
860011245_TCRB.tsv.txt,42356,61528
860011225_TCRB.tsv.txt,72101,314393
BS-GIGI_41-replacement_TCRB.tsv.txt,73009,316775
BS-EQ-43-T0-replacement_TCRB.tsv.txt,44213,71549
INCOV016-AC-5_TCRB.tsv.txt,129388,269964
BS-HS-0188_TCRB.tsv.txt,130124,219867
977-NC-1268_TCRB.tsv.txt,236805,535147
KH20-11292_TCRB.tsv.txt,136303,261496
ADIRP0002444_TCRB.tsv.txt,275446,430755
550041250_TCRB.tsv.txt,143440,481555
ADIRP0001865_TCRB.tsv.txt,751383,985062
BS-HS-05_TCRB.tsv.txt,37001,60511
ADIRP0000376_TCRB.tsv.txt,714960,995906
BS-EQ-44-T1-replacement_TCRB.tsv.txt,6409,47070
KH20-09948_TCRB.tsv.txt,80200,198920
550042239_TCRB.tsv.txt,263635,481445
KHBR20-00136_TCRB.tsv.txt,199833,329279
KH20-11675_TCRB.tsv.txt,79565,119961
860011351_TCRB.tsv.txt,368303,505774
KH20-09706_TCRB.tsv.txt,461621,663308
KH20-09968_TCRB.tsv.txt,289284,418070
860011106_TCRB.tsv.txt,543528,929243
BS-HS-100_TCRB.tsv.txt,47596,56598
860011497_TCRB.tsv.txt,262879,421796
860011490_TCRB.tsv.txt,137761,182890
INCOV041-AC-3_TCRB.tsv.txt,352280,480110
1008_TCRB.tsv.txt,114364,161718
860011212_TCRB.tsv.txt,186036,272178
BS-GIGI_23-replacement_TCRB.tsv.txt,12164,15607
INCOV007-CV-3_TCRB.tsv.txt,425666,754379
ADIRP0001657_TCRB.tsv.txt,386470,628464
BS-GIGI_06-replacement_TCRB.tsv.txt,40203,161342
KH20-11668_TCRB.tsv.txt,381551,584885
INCOV026-AC-3_TCRB.tsv.txt,435638,508591
INCOV014-BL-5_TCRB.tsv.txt,164687,439259
KH20-09680_TCRB.tsv.txt,61929,100579
1566837BW_TCRB.tsv.txt,310890,502901
1017_TCRB.tsv.txt,515707,1181443
KH20-09659_TCRB.tsv.txt,250126,707499
ADIRP0000023_TCRB.tsv.txt,550116,824218
BS-GN-0005-T0-replacement_TCRB.tsv.txt,98570,191063
KH20-09676_TCRB.tsv.txt,39341,69722
ADIRP0002425_TCRB.tsv.txt,311225,606929
BS-GIGI_74-replacement_TCRB.tsv.txt,101733,146301
INCOV063-BL-3_TCRB.tsv.txt,324986,840863
860011255_TCRB.tsv.txt,637395,1013558
KH20-09976_TCRB.tsv.txt,301934,772592
ADIRP0001555_TCRB.tsv.txt,414083,749552
860011259_TCRB.tsv.txt,350090,478278
550041288_TCRB.tsv.txt,167734,258259
ADIRP0000356_TCRB.tsv.txt,687069,905109
1009-EKB-156_TCRB.tsv.txt,268461,539663
KH20-11815_TCRB.tsv.txt,218055,307225
860011217_TCRB.tsv.txt,235162,404528
KH20-09992_TCRB.tsv.txt,168315,614744
1569039BW_TCRB.tsv.txt,502107,842256
KH20-09747_TCRB.tsv.txt,79964,611789
BS-HS-23_TCRB.tsv.txt,52572,65817
860011127_TCRB.tsv.txt,151759,378860
BS-GIGI_46-replacement_TCRB.tsv.txt,30358,43368
BS-GIGI_26-replacement_TCRB.tsv.txt,124401,563981
KH20-09732_TCRB.tsv.txt,83694,227098
KHBR20-00164_TCRB.tsv.txt,1291584,1555352
860011274_TCRB.tsv.txt,190999,460045
860011493_TCRB.tsv.txt,27662,59811
110047437_TCRB.tsv.txt,71521,109153
BS-GIGI_68-replacement_TCRB.tsv.txt,18908,42581
550042547_TCRB.tsv.txt,239960,797249
BS-GN-0011-T0-replacement_TCRB.tsv.txt,83664,141194
ADIRP0000767_TCRB.tsv.txt,608626,1433478
BS-GIGI_67-replacement_TCRB.tsv.txt,191977,309715
KHBR20-00150_TCRB.tsv.txt,11069,15132
KH20-11673_TCRB.tsv.txt,212839,420217
1256-CI-238_TCRB.tsv.txt,151929,251867
ADIRP0000923_TCRB.tsv.txt,470172,855464
KH20-09999_TCRB.tsv.txt,152648,287447
ADIRP0002034_TCRB.tsv.txt,312536,571079
BS-GIGI_73-replacement_TCRB.tsv.txt,7513,9644
INCOV051-AC-3_TCRB.tsv.txt,175888,265594
INCOV049-BL-3_TCRB.tsv.txt,308748,511249
KHBR20-00131_TCRB.tsv.txt,207749,647026
712387BW_TCRB.tsv.txt,504169,671889
1023_TCRB.tsv.txt,29951,53055
BS-EQ-12-T2-replacement_TCRB.tsv.txt,45239,78086
KHBR20-00123_TCRB.tsv.txt,119592,164655
860011253_TCRB.tsv.txt,567229,858489
BS-HS-39_TCRB.tsv.txt,138531,190202
BS-HS-03_TCRB.tsv.txt,19012,24331
BS-EQ-0002-T1-replacement_TCRB.tsv.txt,20025,120632
BS-GIGI_34-replacement_TCRB.tsv.txt,101615,148639
5876BW_TCRB.tsv.txt,126817,428317
KH20-09979_TCRB.tsv.txt,276856,980043
ADIRP0000066_TCRB.tsv.txt,352478,553064
1004_TCRB.tsv.txt,76413,200817
BS-HS-58_TCRB.tsv.txt,27282,36619
ADIRP0001110_TCRB.tsv.txt,463524,640808
BS-EQ-0026-T0-replacement_TCRB.tsv.txt,74932,100911
KH20-09961_TCRB.tsv.txt,229516,587276
INCOV062-BL-3_TCRB.tsv.txt,331515,736491
5386BW_TCRB.tsv.txt,453597,754261
860011222_TCRB.tsv.txt,366273,907635
ADIRP0000439_TCRB.tsv.txt,383892,714685
860011214_TCRB.tsv.txt,59671,89931
KH20-09945_TCRB.tsv.txt,118975,298886
KH20-11674_TCRB.tsv.txt,288498,664536
INCOV080-AC-3_TCRB.tsv.txt,131273,434264
BS-HS-214_TCRB.tsv.txt,95633,123004
KH20-09713_TCRB.tsv.txt,482339,998089
KH20-09696_TCRB.tsv.txt,128522,180760
KH20-09963_TCRB.tsv.txt,106109,174397
550042377_TCRB.tsv.txt,98612,129839
INCOV048-BL-3_TCRB.tsv.txt,237810,381382
KH20-09671_TCRB.tsv.txt,36387,461890
INCOV002-AC-5_TCRB.tsv.txt,276826,385936
KH20-09949_TCRB.tsv.txt,87290,176800
BS-GIGI_22-replacement_TCRB.tsv.txt,45584,113644
BS-GIGI_57-replacement_TCRB.tsv.txt,57630,66225
ADIR0000093_TCRB.tsv.txt,268056,369619
ADIRP0001311_TCRB.tsv.txt,419231,614712
KHBR20-00177_TCRB.tsv.txt,131809,161982
4251BW_TCRB.tsv.txt,240765,637282
KH20-11679_TCRB.tsv.txt,502654,919829
INCOV080-BL-3_TCRB.tsv.txt,120303,359644
INCOV086-AC-3_TCRB.tsv.txt,41017,97268
ADIRP0000187_TCRB.tsv.txt,288087,512774
550042607_TCRB.tsv.txt,51740,317120
BS-GIGI_70-replacement_TCRB.tsv.txt,98134,130301
KH20-11671_TCRB.tsv.txt,131481,506421
KH20-11644_TCRB.tsv.txt,558568,851747
ADIRP0002010_TCRB.tsv.txt,438975,665637
1566486BW_TCRB.tsv.txt,654508,873528
BS-HS-185_TCRB.tsv.txt,115680,263973
KH20-09689_TCRB.tsv.txt,247776,369514
860011207_TCRB.tsv.txt,112516,551838
BS-GN-01-T0-replacement_TCRB.tsv.txt,60329,102780
INCOV027-CV-3_TCRB.tsv.txt,672445,1150264
ADIRP0001764_TCRB.tsv.txt,363211,677337
KH20-09735_TCRB.tsv.txt,111233,171101
1568094BW_TCRB.tsv.txt,344690,546390
BS-GIGI_81-replacement_TCRB.tsv.txt,67158,123057
KH20-11664_TCRB.tsv.txt,351793,985745
ADIRP0002497_TCRB.tsv.txt,635103,875509
1042_TCRB.tsv.txt,256352,2328787
KH20-09673_TCRB.tsv.txt,66485,159013
P0008108_TCRB.tsv.txt,132194,177856
KH20-09718_TCRB.tsv.txt,160995,330595
BS-GIGI_86-replacement_TCRB.tsv.txt,14724,133583
ADIRP0000539_TCRB.tsv.txt,527658,746302
KH20-09956_TCRB.tsv.txt,181627,257745
550043908_TCRB.tsv.txt,156970,476279
BS-HS-0203_TCRB.tsv.txt,24532,36119
BS-HS-97_TCRB.tsv.txt,24599,47384
860011203_TCRB.tsv.txt,189576,405341
BS-GIGI_65-replacement_TCRB.tsv.txt,45470,109697
KHBR20-00161_TCRB.tsv.txt,91820,140843
BS-HS-156_TCRB.tsv.txt,25412,31846
BS-HS-193_TCRB.tsv.txt,206564,263349
KHBR20-00127_TCRB.tsv.txt,165354,200697
1253-DSGV-556_TCRB.tsv.txt,139490,271442
INCOV077-AC-3_TCRB.tsv.txt,623043,1138729
INCOV032-BL-3_TCRB.tsv.txt,112602,245119
ADIRP0002433_TCRB.tsv.txt,409356,643839
1044_TCRB.tsv.txt,177031,436691
BS-GIGI_79-replacement_TCRB.tsv.txt,84426,139292
860011311_TCRB.tsv.txt,416215,915289
1063_TCRB.tsv.txt,111726,2116825
BS-EQ-37-T0-replacement_TCRB.tsv.txt,55477,91006
KHBR20-00141_TCRB.tsv.txt,82490,251720
1049_TCRB.tsv.txt,97369,212318
3765BW_TCRB.tsv.txt,426566,678837
860011206_TCRB.tsv.txt,114040,410693
ADIRP0000292_TCRB.tsv.txt,280284,855110
ADIRP0000447_TCRB.tsv.txt,375332,579514
BS-HS-171_TCRB.tsv.txt,267790,388106
BS-EQ-0009-T2-replacement_TCRB.tsv.txt,11849,20974
1037_TCRB.tsv.txt,253399,642044
BS-GN-13-T0-replacement_TCRB.tsv.txt,36285,58518
KH20-11695_TCRB.tsv.txt,111188,212374
BS-HS-24_TCRB.tsv.txt,16233,32481
ADIRP0001032_TCRB.tsv.txt,305978,949761
860011202_TCRB.tsv.txt,64241,145599
550041173_TCRB.tsv.txt,455200,855933
BS-HS-12_TCRB.tsv.txt,55739,89843
550043943_TCRB.tsv.txt,54060,243445
1566913BW_TCRB.tsv.txt,431173,629551
BS-HS-0179_TCRB.tsv.txt,25227,401853
KHBR20-00104_TCRB.tsv.txt,492428,668040
KHBR20-00148_TCRB.tsv.txt,87464,171679
860011317_TCRB.tsv.txt,343099,691779
INCOV019-AC-5_TCRB.tsv.txt,225973,500490
KH20-11657_TCRB.tsv.txt,189056,441441
BS-GIGI_45-replacement_TCRB.tsv.txt,73018,127885
1010-MG-251_TCRB.tsv.txt,47275,198528
BS-HS-190_TCRB.tsv.txt,118916,150916
KH20-09697_TCRB.tsv.txt,16989,32242
KHBR20-00109_TCRB.tsv.txt,192586,285540
KH20-11689_TCRB.tsv.txt,285185,390061
BS-HS-219_TCRB.tsv.txt,124636,244712
860011350_TCRB.tsv.txt,299494,585691
550041314_TCRB.tsv.txt,108194,269549
KHBR20-00130_TCRB.tsv.txt,90579,134397
KH20-09990_TCRB.tsv.txt,228683,377607
BS-HS-222_TCRB.tsv.txt,235122,408927
ADIRP0000341_TCRB.tsv.txt,316307,630995
INCOV012-CV-3_TCRB.tsv.txt,336330,632672
INCOV003-AC-5_TCRB.tsv.txt,411218,507738
KH20-09971_TCRB.tsv.txt,173019,217745
860011216_TCRB.tsv.txt,19453,46372
860011254_TCRB.tsv.txt,385323,548644
INCOV036-BL-3_TCRB.tsv.txt,127488,152649
1132-BL-340_TCRB.tsv.txt,145968,243465
INCOV067-BL-3_TCRB.tsv.txt,338306,688141
KH20-11305_TCRB.tsv.txt,125193,169336
INCOV033-BL-3_TCRB.tsv.txt,85306,644597
KHBR20-00196_TCRB.tsv.txt,134903,193872
INCOV066-AC-3_TCRB.tsv.txt,365773,1585532
1046_TCRB.tsv.txt,64006,642528
BS-EQ-25-T0-replacement_TCRB.tsv.txt,23638,36231
INCOV022-AC-3_TCRB.tsv.txt,191188,229756
BS-GIGI_72-replacement_TCRB.tsv.txt,55592,68998
KHBR20-00125_TCRB.tsv.txt,298094,385649
BS-HS-56_TCRB.tsv.txt,57393,74205
KH20-11293_TCRB.tsv.txt,463648,731664
BS-GIGI_18-replacement_TCRB.tsv.txt,49006,63685
BS-EQ-33-T1-replacement_TCRB.tsv.txt,120450,210055
1015_TCRB.tsv.txt,71553,143237
KHBR20-00106_TCRB.tsv.txt,63035,108833
860011447_TCRB.tsv.txt,260290,641605
BS-HS-84_TCRB.tsv.txt,29601,49230
INCOV045-BL-3_TCRB.tsv.txt,554730,679086
BS-GIGI_10-replacement_TCRB.tsv.txt,58701,105308
BS-HS-129_TCRB.tsv.txt,139462,251242
550042210_TCRB.tsv.txt,269522,350567
BS-HS-157_TCRB.tsv.txt,29605,64855
ADIRP0001950_TCRB.tsv.txt,351052,1111839
KH20-09656_TCRB.tsv.txt,336217,483744
KH20-11658_TCRB.tsv.txt,285115,391040
860011126_TCRB.tsv.txt,97902,131398
550042526_TCRB.tsv.txt,88820,157365
860011324_TCRB.tsv.txt,50778,78142
860011283_TCRB.tsv.txt,159803,820832
1055_TCRB.tsv.txt,100606,207368
BS-EQ-0008-T1-replacement_TCRB.tsv.txt,73636,87024
1053_TCRB.tsv.txt,482119,916726
KH20-11700_TCRB.tsv.txt,482983,719989
BS-GIGI_48-replacement_TCRB.tsv.txt,158776,208539
550042640_TCRB.tsv.txt,113493,176327
ADIRP0000875_TCRB.tsv.txt,641569,948955
BS-HS-209_TCRB.tsv.txt,395395,1057432
550043995_TCRB.tsv.txt,128150,197159
860011316_TCRB.tsv.txt,145437,214628
994-CR-660_TCRB.tsv.txt,82044,219532
1240-AS-852_TCRB.tsv.txt,177538,460878
ADIRP0002392_TCRB.tsv.txt,310446,523091
3943BW_TCRB.tsv.txt,248351,566877
INCOV044-BL-3_TCRB.tsv.txt,311237,446643
860011325_TCRB.tsv.txt,138626,262914
BS-HS-46_TCRB.tsv.txt,133032,230506
KHBR20-00188_TCRB.tsv.txt,129105,282302
860011221_TCRB.tsv.txt,32617,202398
BS-GIGI_58-replacement_TCRB.tsv.txt,79902,183120
KH20-09719_TCRB.tsv.txt,423443,682999
INCOV006-CV-3_TCRB.tsv.txt,264885,595183
1566265BW_TCRB.tsv.txt,539227,938143
INCOV074-AC-3_TCRB.tsv.txt,456004,690469
KH20-11683_TCRB.tsv.txt,52344,485386
INCOV078-BL-3_TCRB.tsv.txt,805276,1168507
ADIRP0002104_TCRB.tsv.txt,304714,618950
ADRIP0000160_TCRB.tsv.txt,573421,1085843
KHBR20-00139_TCRB.tsv.txt,223203,580974
1002_TCRB.tsv.txt,426198,913546
860011133_TCRB.tsv.txt,14624,20251
ADIRP0001217_TCRB.tsv.txt,286483,484254
1133-CG-840_TCRB.tsv.txt,28171,72985
ADIRP0001185_TCRB.tsv.txt,501862,678252
550041390_TCRB.tsv.txt,114761,612895
KHBR20-00126_TCRB.tsv.txt,100819,128295
585189BW_TCRB.tsv.txt,189788,330235
ADIRP0000174_TCRB.tsv.txt,327237,610919
BS-HS-54_TCRB.tsv.txt,20802,49255
KHBR20-00122_TCRB.tsv.txt,234478,403940
BS-HS-210_TCRB.tsv.txt,92415,122924
INCOV039-BL-3_TCRB.tsv.txt,548285,799787
860011237_TCRB.tsv.txt,8168,43658
550042550_TCRB.tsv.txt,92217,446118
KHBR20-00090_TCRB.tsv.txt,89116,131810
BS-HS-22_TCRB.tsv.txt,5877,6492
860011383_TCRB.tsv.txt,160296,445191
860011275_TCRB.tsv.txt,227589,593369
INCOV005-BL-5_TCRB.tsv.txt,60564,100316
1566449BW_TCRB.tsv.txt,458749,689034
BS-HS-47_TCRB.tsv.txt,81885,135645
KH20-11298_TCRB.tsv.txt,129245,303029
BS-HS-140_TCRB.tsv.txt,84810,116237
BS-GN-0014-T0-replacement_TCRB.tsv.txt,116830,155260
BS-HS-30_TCRB.tsv.txt,34269,48694
KHBR20-00080_TCRB.tsv.txt,221173,290142
INCOV012-AC-5_TCRB.tsv.txt,404453,790393
860011287_TCRB.tsv.txt,33098,90655
BS-HS-119_TCRB.tsv.txt,25164,63753
ADIRP0001674_TCRB.tsv.txt,358945,875828
BS-HS-43_TCRB.tsv.txt,30379,39978
ADIRP0001427_TCRB.tsv.txt,440431,796373
ADIRP0000710_TCRB.tsv.txt,333586,629272
860011359_TCRB.tsv.txt,200721,741508
INCOV042-BL-3_TCRB.tsv.txt,462550,579107
1566510BW_TCRB.tsv.txt,485591,687794
KH20-11684_TCRB.tsv.txt,312679,472457
KHBR20-00204_TCRB.tsv.txt,148491,214448
1054_TCRB.tsv.txt,677181,1168337
860011328_TCRB.tsv.txt,105481,199920
KH20-09982_TCRB.tsv.txt,144649,235968
KH20-09669_TCRB.tsv.txt,233139,344900
BS-GIGI_47-replacement_TCRB.tsv.txt,17689,31080
KH20-09996_TCRB.tsv.txt,95865,341908
BS-HS-121_TCRB.tsv.txt,52605,180316
KH20-11661_TCRB.tsv.txt,211083,360785
860011330_TCRB.tsv.txt,589560,837213
681365BW_TCRB.tsv.txt,296225,441504
BS-HS-29_TCRB.tsv.txt,63570,97734
BS-GIGI_54-replacement_TCRB.tsv.txt,34790,51602
550041393_TCRB.tsv.txt,220198,329058
1007_TCRB.tsv.txt,164664,573825
BS-HS-40_TCRB.tsv.txt,15143,44221
860011132_TCRB.tsv.txt,162004,216200
ADIRP0002668_TCRB.tsv.txt,280182,521573
BS-EQ-33-T3-replacement_TCRB.tsv.txt,138705,220473
1471-CS-155_TCRB.tsv.txt,135206,285548
860011258_TCRB.tsv.txt,531462,1106511
KH20-11302_TCRB.tsv.txt,200508,306642
INCOV066-BL-3_TCRB.tsv.txt,418168,886841
KH20-09655_TCRB.tsv.txt,63884,82385
KH20-09674_TCRB.tsv.txt,85540,147728
BS-EQ-39-T0-replacement_TCRB.tsv.txt,108299,175586
BS-GN-0009-T0-replacement_TCRB.tsv.txt,166947,191764
BS-EQ-0023-T0-replacement_TCRB.tsv.txt,90136,151448
INCOV047-BL-3_TCRB.tsv.txt,271434,360470
860011229_TCRB.tsv.txt,105876,290930
KH20-11649_TCRB.tsv.txt,258484,333702
860011250_TCRB.tsv.txt,440230,958311
550043973_TCRB.tsv.txt,132700,233789
550043940_TCRB.tsv.txt,114046,146049
BS-HS-218_TCRB.tsv.txt,9557,124052
INCOV042-CV-3_TCRB.tsv.txt,226434,292622
BS-EQ-34-T1-replacement_TCRB.tsv.txt,126574,264169
550043927_TCRB.tsv.txt,167230,272113
BS-GIGI_50-replacement_TCRB.tsv.txt,46750,102152
BS-GIGI_08-replacement_TCRB.tsv.txt,78938,138196
KHBR20-00154_TCRB.tsv.txt,223041,787588
BS-GIGI_21-replacement_TCRB.tsv.txt,21802,48046
INCOV076-BL-3_TCRB.tsv.txt,322005,860106
550041125_TCRB.tsv.txt,92123,149996
ADIRP0000899_TCRB.tsv.txt,548999,751671
INCOV029-AC-3_TCRB.tsv.txt,266184,451318
860011377_TCRB.tsv.txt,108665,415874
ADIRP0002002_TCRB.tsv.txt,423965,534059
ADIRP0000752_TCRB.tsv.txt,413899,683737
ADIRP0000362_TCRB.tsv.txt,652278,1067613
BS-EQ-0028-T0-replacement_TCRB.tsv.txt,177343,243242
BS-GIGI_37-replacement_TCRB.tsv.txt,193349,271113
860011313_TCRB.tsv.txt,151266,306275
550042442_TCRB.tsv.txt,191477,659925
KHBR20-00084_TCRB.tsv.txt,200515,509812
860011312_TCRB.tsv.txt,139553,654074
1040_TCRB.tsv.txt,113711,309610
BS-HS-63_TCRB.tsv.txt,20990,31773
1566984BW_TCRB.tsv.txt,213703,399928
KH20-09677_TCRB.tsv.txt,125979,172308
1012_TCRB.tsv.txt,200278,351311
550043167_TCRB.tsv.txt,173291,322883
BS-EQ-0006-T2-replacement_TCRB.tsv.txt,6209,8023
BS-EQ-26-T1-replacement_TCRB.tsv.txt,178740,224363
550042400_TCRB.tsv.txt,193195,747970
ADIRP0002520_TCRB.tsv.txt,487283,670572
860011236_TCRB.tsv.txt,334890,818188
BS-HS-02_TCRB.tsv.txt,80442,111930
BS-HS-221_TCRB.tsv.txt,75221,98972
1058_TCRB.tsv.txt,98145,213373
ADIR0000021_TCRB.tsv.txt,461709,656974
INCOV070-BL-3_TCRB.tsv.txt,125391,163086
KH20-09699_TCRB.tsv.txt,286106,348160
ADIRP0002436_TCRB.tsv.txt,363988,674341
ADIRP0002279_TCRB.tsv.txt,328559,413711
BS-EQ-1-T2-replacement_TCRB.tsv.txt,99416,194486
1027_TCRB.tsv.txt,260610,392795
BS-EQ-0017-T0-replacement_TCRB.tsv.txt,71674,120626
860011338_TCRB.tsv.txt,153576,912725
BS-HS-0197_TCRB.tsv.txt,194781,269338
KH20-11637_TCRB.tsv.txt,116006,3461306
BS-HS-109_TCRB.tsv.txt,27447,43718
KHBR20-00172_TCRB.tsv.txt,111227,177664
KH20-09755_TCRB.tsv.txt,309649,541468
INCOV006-BL-5_TCRB.tsv.txt,156763,230424
1048_TCRB.tsv.txt,148574,278483
860011240_TCRB.tsv.txt,170978,300269
BS-HS-0174_TCRB.tsv.txt,10690,18093
INCOV037-BL-3_TCRB.tsv.txt,319469,612138
Q-E-replacement_TCRB.tsv.txt,113105,461519
860011290_TCRB.tsv.txt,186266,260065
INCOV059-AC-3_TCRB.tsv.txt,433933,827761
BS-GIGI_53-replacement_TCRB.tsv.txt,121994,146694
BS-HS-52_TCRB.tsv.txt,34254,61439
860011388_TCRB.tsv.txt,363270,699611
BS-HS-77_TCRB.tsv.txt,85605,155110
860011281_TCRB.tsv.txt,73439,533337
INCOV045-AC-3_TCRB.tsv.txt,738097,987342
KH20-09743_TCRB.tsv.txt,280741,492470
INCOV028-AC-3_TCRB.tsv.txt,56900,85620
ADIRP0002340_TCRB.tsv.txt,457478,662291
860011238_TCRB.tsv.txt,201736,352696
860011260_TCRB.tsv.txt,675514,1014653
INCOV036-AC-3_TCRB.tsv.txt,81803,92763
BS-HS-217_TCRB.tsv.txt,180081,498462
BS-EQ-0002-T2-replacement_TCRB.tsv.txt,25226,158160
7972BW_TCRB.tsv.txt,215360,314429
860011139_TCRB.tsv.txt,191031,254562
ADIRP0002301_TCRB.tsv.txt,562427,879075
860011110_TCRB.tsv.txt,56203,64959
860011349_TCRB.tsv.txt,100627,349748
BS-HS-73_TCRB.tsv.txt,25541,35539
550042395_TCRB.tsv.txt,204141,293471
ADIRP0001321_TCRB.tsv.txt,488828,683088
ADIRP0000129_TCRB.tsv.txt,512629,654555
KH20-11692_TCRB.tsv.txt,95746,137308
860011140_TCRB.tsv.txt,49285,125787
ADIRP0000258_TCRB.tsv.txt,416505,615691
BS-EQ-0022-T0-replacement_TCRB.tsv.txt,13319,21411
1247-DCM-727_TCRB.tsv.txt,203320,320282
KH20-09981_TCRB.tsv.txt,435521,786862
KHBR20-00193_TCRB.tsv.txt,68544,119335
550042183_TCRB.tsv.txt,128102,468347
BS-HS-0200_TCRB.tsv.txt,196518,264529
INCOV016-BL-5_TCRB.tsv.txt,109684,277019
BS-HS-21_TCRB.tsv.txt,2604,2808
ADIRP0001234_TCRB.tsv.txt,432771,668515
BS-HS-08_TCRB.tsv.txt,189305,282661
ADIRP0000190_TCRB.tsv.txt,350877,632731
KH20-11814_TCRB.tsv.txt,160669,379415
860011306_TCRB.tsv.txt,53896,341987
KH20-09952_TCRB.tsv.txt,135338,389736
BS-HS-125_TCRB.tsv.txt,77414,107088
INCOV071-AC-3_TCRB.tsv.txt,88503,202863
ADIRP0001875_TCRB.tsv.txt,317956,1217467
BS-HS-0176_TCRB.tsv.txt,186444,259868
550043986_TCRB.tsv.txt,92172,179764
860011122_TCRB.tsv.txt,451642,686793
BS-GIGI_29-replacement_TCRB.tsv.txt,77571,168976
BS-EQ-0021-T0-replacement_TCRB.tsv.txt,49540,70049
BS-GIGI_13-replacement_TCRB.tsv.txt,57564,71475
BS-GIGI_28-replacement_TCRB.tsv.txt,30474,90456
BS-HS-123_TCRB.tsv.txt,50284,92733
860011343_TCRB.tsv.txt,249295,587287
ADIRP0000499_TCRB.tsv.txt,320088,651051
BS-EQ-09-T1-replacement_TCRB.tsv.txt,12822,20487
860011117_TCRB.tsv.txt,86064,183252
KH20-11672_TCRB.tsv.txt,133684,179404
INCOV060-AC-3_TCRB.tsv.txt,513062,1068051
978-NA-155_TCRB.tsv.txt,95446,192098
BS-GIGI_69-replacement_TCRB.tsv.txt,78109,107231
860011138_TCRB.tsv.txt,380793,671705
ADIRP0001349_TCRB.tsv.txt,614276,930126
KH20-09947_TCRB.tsv.txt,135669,204786
BS-GN-0003-T0-replacement_TCRB.tsv.txt,173128,223343
ADIRP0000895_TCRB.tsv.txt,81125,114516
860011488_TCRB.tsv.txt,748835,1028679
ADIRP0000511_TCRB.tsv.txt,448737,1065538
KHBR20-00082_TCRB.tsv.txt,189810,248688
INCOV017-BL-5_TCRB.tsv.txt,111214,214922
BS-GN-0015-T0-replacement_TCRB.tsv.txt,11863,17525
1246-BM-1050_TCRB.tsv.txt,146560,296285
KH20-09703_TCRB.tsv.txt,178297,348297
KH20-09958_TCRB.tsv.txt,422763,670771
ADIRP0001253_TCRB.tsv.txt,608825,1033858
860011449_TCRB.tsv.txt,114730,842417
1337122BW_TCRB.tsv.txt,546257,844343
KH20-11813_TCRB.tsv.txt,121427,516673
1034_TCRB.tsv.txt,363664,971988
BS-HS-181_TCRB.tsv.txt,116908,139647
4730BW_TCRB.tsv.txt,348097,507869
KH20-09690_TCRB.tsv.txt,220992,411546
INCOV004-AC-5_TCRB.tsv.txt,70576,262026
BS-HS-0178_TCRB.tsv.txt,130159,175281
ADIRP0002082_TCRB.tsv.txt,439805,637542
860011348_TCRB.tsv.txt,269487,576745
ADIRP0000090_TCRB.tsv.txt,245842,392214
860011358_TCRB.tsv.txt,246482,564367
KH20-11703_TCRB.tsv.txt,360762,563364
INCOV007-BL-5_TCRB.tsv.txt,165889,226238
KHBR20-00203_TCRB.tsv.txt,122093,187215
KH20-09668_TCRB.tsv.txt,162567,274525
KHBR20-00152_TCRB.tsv.txt,172874,236415
BS-HS-0204_TCRB.tsv.txt,231495,336608
550042420_TCRB.tsv.txt,80413,1400494
ADIRP0002184_TCRB.tsv.txt,693328,931204
860011235_TCRB.tsv.txt,48688,122296
BS-GIGI_38-replacement_TCRB.tsv.txt,139802,175024
860011257_TCRB.tsv.txt,305335,573003
INCOV084-BL-3_TCRB.tsv.txt,127357,169500
ADIRP0001895_TCRB.tsv.txt,356618,554313
BS-GIGI_42-replacement_TCRB.tsv.txt,32742,61955
BS-GIGI_59-replacement_TCRB.tsv.txt,87744,117988
KHBR20-00134_TCRB.tsv.txt,159805,236783
550041441_TCRB.tsv.txt,279148,494390
KHBR20-00170_TCRB.tsv.txt,122079,160576
550042578_TCRB.tsv.txt,65317,486164
BS-GIGI_84-replacement_TCRB.tsv.txt,118477,165404
KH20-11687_TCRB.tsv.txt,123152,182125
ADIRP0002505_TCRB.tsv.txt,117087,3120537
1011_TCRB.tsv.txt,127334,302157
INCOV030-BL-3_TCRB.tsv.txt,89882,124960
KH20-11296_TCRB.tsv.txt,183626,220816
BS-HS-207_TCRB.tsv.txt,484828,637933
BS-EQ-41-T1-replacement_TCRB.tsv.txt,146861,184031
300412BW_TCRB.tsv.txt,511673,792118
ADIRP0000115_TCRB.tsv.txt,514599,1026287
BS-SPECIAL-1-T1_TCRB.tsv.txt,114563,139326
ADIRP0002562_TCRB.tsv.txt,249512,368661
860011303_TCRB.tsv.txt,235380,430696
550043971_TCRB.tsv.txt,150945,284686
INCOV029-BL-3_TCRB.tsv.txt,262376,538632
ADIRP0000555_TCRB.tsv.txt,369012,985159
BS-HS-80_TCRB.tsv.txt,172940,277513
BS-HS-34_TCRB.tsv.txt,93995,191625
1021_TCRB.tsv.txt,64477,469711
KH20-11699_TCRB.tsv.txt,340327,691879
550043156_TCRB.tsv.txt,23389,88456
KHBR20-00088_TCRB.tsv.txt,412669,916860
KH20-11652_TCRB.tsv.txt,439527,893973
1567127BW_TCRB.tsv.txt,472244,647082
BS-GIGI_31-replacement_TCRB.tsv.txt,36437,67357
860011318_TCRB.tsv.txt,66121,413182
KH20-11297_TCRB.tsv.txt,213106,353842
BS-EQ-0003-T1-replacement_TCRB.tsv.txt,214706,283868
BS-EQ-18-T1-replacement_TCRB.tsv.txt,24507,39606
860011137_TCRB.tsv.txt,146735,211208
KH20-10000_TCRB.tsv.txt,165283,257271
BS-GIGI_43-replacement_TCRB.tsv.txt,124165,199244
860011208_TCRB.tsv.txt,395189,657698
KHBR20-00121_TCRB.tsv.txt,47645,94374
INCOV087-BL-3_TCRB.tsv.txt,128198,388189
BS-HS-72_TCRB.tsv.txt,60430,73304
INCOV031-AC-3_TCRB.tsv.txt,102966,140610
KH20-09664_TCRB.tsv.txt,114059,276022
999-BG-353_TCRB.tsv.txt,66993,92634
ADIRP0000252_TCRB.tsv.txt,549217,1189298
KH20-09726_TCRB.tsv.txt,293509,396374
BS-GIGI_14-replacement_TCRB.tsv.txt,127790,202664
BS-EQ-0027-T2-replacement_TCRB.tsv.txt,37299,55835
KH20-11648_TCRB.tsv.txt,373126,797465
KH20-11301_TCRB.tsv.txt,212582,432773
860011210_TCRB.tsv.txt,200413,297551
BS-HS-167_TCRB.tsv.txt,15662,22674
BS-SPECIAL-3_TCRB.tsv.txt,292343,457170
970-FS-1034_TCRB.tsv.txt,101084,281717
BS-GIGI_05-replacement_TCRB.tsv.txt,108898,244645
KH20-11638_TCRB.tsv.txt,28665,127200
INCOV058-BL-3_TCRB.tsv.txt,101246,1060892
BS-GIGI_60-replacement_TCRB.tsv.txt,7036,9195
860011211_TCRB.tsv.txt,493027,846356
860011310_TCRB.tsv.txt,142342,266351
550043981_TCRB.tsv.txt,244402,777097
1022-BB-365_TCRB.tsv.txt,6726,23429
BS-EQ-07-T2-replacement_TCRB.tsv.txt,86381,167817
860011387_TCRB.tsv.txt,423306,813481
1003-BS-445_TCRB.tsv.txt,242424,517043
KH20-11809_TCRB.tsv.txt,36142,309992
INCOV075-BL-3_TCRB.tsv.txt,218924,259778
1109-AAMU-1064_TCRB.tsv.txt,70834,148077
ADIRP0001066_TCRB.tsv.txt,320860,418759
ADIRP0002519_TCRB.tsv.txt,514926,698843
BS-HS-163_TCRB.tsv.txt,51144,148201
550041421_TCRB.tsv.txt,83297,312223
KH20-09682_TCRB.tsv.txt,191805,412213
ADIRP0001510_TCRB.tsv.txt,250877,560486
KHBR20-00140_TCRB.tsv.txt,149012,202765
1025_TCRB.tsv.txt,81366,1106956
KH20-09708_TCRB.tsv.txt,151922,357028
860011130_TCRB.tsv.txt,517443,834706
KH20-11662_TCRB.tsv.txt,327068,602981
INCOV061-AC-3_TCRB.tsv.txt,303308,675638
860011494_TCRB.tsv.txt,316983,447275
KH20-09731_TCRB.tsv.txt,282130,1013800
860011282_TCRB.tsv.txt,441888,799029
KH20-11696_TCRB.tsv.txt,370325,781247
KH20-09955_TCRB.tsv.txt,121131,257342
INCOV002-BL-5_TCRB.tsv.txt,401679,523760
INCOV039-AC-3_TCRB.tsv.txt,506830,681468
550042631_TCRB.tsv.txt,166577,561094
KH20-09672_TCRB.tsv.txt,172181,360718
KHBR20-00128_TCRB.tsv.txt,182967,242438
INCOV040-AC-3_TCRB.tsv.txt,242507,520597
KH20-09745_TCRB.tsv.txt,243075,353186
KHBR20-00133_TCRB.tsv.txt,257958,326584
ADIRP0001070_TCRB.tsv.txt,451944,813373
KH20-09720_TCRB.tsv.txt,95906,312672
BS-GN-0002-T0-replacement_TCRB.tsv.txt,52495,81832
INCOV050-AC-3_TCRB.tsv.txt,311943,513630
860011231_TCRB.tsv.txt,194607,335843
INCOV043-BL-3_TCRB.tsv.txt,344493,728134
1028_TCRB.tsv.txt,215688,430738
KHBR20-00124_TCRB.tsv.txt,90618,126005
BS-HS-10_TCRB.tsv.txt,206455,321917
BS-EQ-30-T2-replacement_TCRB.tsv.txt,194776,262562
BS-EQ-33-T0-replacement_TCRB.tsv.txt,98314,162959
SIXED-replacement_TCRB.tsv.txt,188699,309646
INCOV034-BL-3_TCRB.tsv.txt,111961,279361
KHBR20-00087_TCRB.tsv.txt,240934,326590
KH20-11304_TCRB.tsv.txt,92805,147422
INCOV070-AC-3_TCRB.tsv.txt,126990,239043
INCOV017-CV-3_TCRB.tsv.txt,137067,380739
INCOV008-BL-5_TCRB.tsv.txt,56315,108917
BS-HS-55_TCRB.tsv.txt,38032,57267
860011335_TCRB.tsv.txt,141525,185734
INCOV009-BL-5_TCRB.tsv.txt,96810,170498
KH20-09991_TCRB.tsv.txt,142103,197355
INCOV027-BL-3_TCRB.tsv.txt,512932,785370
BS-HS-53_TCRB.tsv.txt,41950,62692
INCOV007-AC-5_TCRB.tsv.txt,183126,246725
KH20-11681_TCRB.tsv.txt,176222,669730
INCOV061-BL-3_TCRB.tsv.txt,353904,686199
860011305_TCRB.tsv.txt,208556,519202
277-SR-664_TCRB.tsv.txt,120004,397513
BS-HS-216_TCRB.tsv.txt,340745,502778
860011261_TCRB.tsv.txt,460552,655494
1057_TCRB.tsv.txt,146718,720613
KH20-09709_TCRB.tsv.txt,215754,436809
INCOV055-BL-3_TCRB.tsv.txt,475694,707150
BS-HS-44_TCRB.tsv.txt,59711,92347
550042523_TCRB.tsv.txt,135308,572636
KHBR20-00200_TCRB.tsv.txt,144711,171360
KH20-11306_TCRB.tsv.txt,26422,75460
1566426BW_TCRB.tsv.txt,332602,453794
860011141_TCRB.tsv.txt,136807,909796
983-MG-1060_TCRB.tsv.txt,110615,302958
KHBR20-00118_TCRB.tsv.txt,61479,104216
KH20-09754_TCRB.tsv.txt,345186,441856
1036_TCRB.tsv.txt,190265,357730
ADIRP0001325_TCRB.tsv.txt,350074,1983367
844960BW_TCRB.tsv.txt,395897,941522
1013_TCRB.tsv.txt,106810,390127
KH20-09681_TCRB.tsv.txt,27754,78185
1566319BW_TCRB.tsv.txt,510622,772158
1567268BW_TCRB.tsv.txt,436823,768456
KHBR20-00179_TCRB.tsv.txt,49152,443656
BS-GN-06-T0-replacement_TCRB.tsv.txt,23113,50137
KHBR20-00107_TCRB.tsv.txt,22588,34131
BS-HS-205_TCRB.tsv.txt,127092,251758
ADIRP0000937_TCRB.tsv.txt,477933,603809
KH20-09965_TCRB.tsv.txt,199598,306343
KHBR20-00180_TCRB.tsv.txt,48300,87684
ADIRP0002065_TCRB.tsv.txt,449792,857439
860011209_TCRB.tsv.txt,345916,520479
BS-HS-158_TCRB.tsv.txt,110203,166276
BS-HS-59_TCRB.tsv.txt,68228,96584
550044000_TCRB.tsv.txt,378680,599938
860011123_TCRB.tsv.txt,49992,667463
KH20-09744_TCRB.tsv.txt,692703,998287
KH20-09993_TCRB.tsv.txt,224733,745419
KH20-09738_TCRB.tsv.txt,329234,511933
860011382_TCRB.tsv.txt,151678,233965
860011134_TCRB.tsv.txt,214693,262725
KH20-09730_TCRB.tsv.txt,452469,686306
KH20-09679_TCRB.tsv.txt,40200,47517
1026_TCRB.tsv.txt,163324,384464
860011201_TCRB.tsv.txt,73405,396210
KH20-11667_TCRB.tsv.txt,352315,455263
KH20-11299_TCRB.tsv.txt,211916,543013
1123-FA-1127_TCRB.tsv.txt,22670,180162
BS-GIGI_25-replacement_TCRB.tsv.txt,19988,40496
860011499_TCRB.tsv.txt,268746,861167
1009_TCRB.tsv.txt,187081,378459
KH20-11677_TCRB.tsv.txt,202837,897461
550041239-1_TCRB.tsv.txt,385382,498422
BS-GIGI_24-replacement_TCRB.tsv.txt,42171,118637
KH20-11655_TCRB.tsv.txt,303225,480595
KH20-11669_TCRB.tsv.txt,473930,624679
BS-EQ-0006-T1-replacement_TCRB.tsv.txt,11540,19779
997-CC-1266_TCRB.tsv.txt,87128,187193
1052_TCRB.tsv.txt,10837,19294
550042447_TCRB.tsv.txt,174708,368659
INCOV013-AC-5_TCRB.tsv.txt,45244,67012
BS-GIGI_11-replacement_TCRB.tsv.txt,3622,27768
KH20-09995_TCRB.tsv.txt,424086,675817
860011353_TCRB.tsv.txt,314483,588668
BS-EQ-18-T2-replacement_TCRB.tsv.txt,119295,190637
860011354_TCRB.tsv.txt,338852,706845
BS-HS-225_TCRB.tsv.txt,219839,473836
ADIRP0002156_TCRB.tsv.txt,570685,910457
KHBR20-00099_TCRB.tsv.txt,340580,413532
KH20-09728_TCRB.tsv.txt,125173,286038
ADIRP0001353_TCRB.tsv.txt,311292,965762
KH20-09722_TCRB.tsv.txt,41905,127586
INCOV052-BL-3_TCRB.tsv.txt,396715,709095
1134-KP-366_TCRB.tsv.txt,217216,456879
KH20-11665_TCRB.tsv.txt,326766,459470
860011256_TCRB.tsv.txt,306084,841558
BS-GIGI_83-replacement_TCRB.tsv.txt,31104,108540
860011451_TCRB.tsv.txt,82522,218099
BS-HS-35_TCRB.tsv.txt,41744,53030
550043906_TCRB.tsv.txt,54681,224875
KHBR20-00111_TCRB.tsv.txt,36015,80127
KHBR20-00117_TCRB.tsv.txt,115191,141222
BS-HS-106_TCRB.tsv.txt,23594,34693
1566889BW_TCRB.tsv.txt,428164,677825
ADIRP0001922_TCRB.tsv.txt,402942,591592
991-GA-529_TCRB.tsv.txt,196814,364725
KHBR20-00113_TCRB.tsv.txt,98311,156550
KH20-09983_TCRB.tsv.txt,167615,716437
980-DS-1171_TCRB.tsv.txt,229494,391402
INCOV044-AC-3_TCRB.tsv.txt,227567,326141
550040030_TCRB.tsv.txt,174380,409205
BS-GIGI_07-replacement_TCRB.tsv.txt,102785,163418
1566622BW_TCRB.tsv.txt,486840,810251
KH20-09675_TCRB.tsv.txt,77618,115115
BS-HS-61_TCRB.tsv.txt,21115,32921
KH20-09666_TCRB.tsv.txt,99893,134519
KH20-09966_TCRB.tsv.txt,196107,859673
INCOV075-AC-3_TCRB.tsv.txt,131842,159777
BS-GIGI_77-replacement_TCRB.tsv.txt,65106,121573
1041_TCRB.tsv.txt,167431,571070
860011336_TCRB.tsv.txt,294454,577100
BS-HS-62_TCRB.tsv.txt,31481,106791
KHBR20-00166_TCRB.tsv.txt,109976,317114
1022_TCRB.tsv.txt,6930,28970
975-AMS-1074_TCRB.tsv.txt,274516,456701
727928BW_TCRB.tsv.txt,279535,858151
550043916_TCRB.tsv.txt,157563,241561
ADIRP0001268_TCRB.tsv.txt,362520,599013
KHBR20-00162_TCRB.tsv.txt,129910,264364
BS-HS-48_TCRB.tsv.txt,122636,218641
KH20-09657_TCRB.tsv.txt,185161,810444
KH20-11698_TCRB.tsv.txt,94288,129786
KHBR20-00097_TCRB.tsv.txt,298600,410979
1018_TCRB.tsv.txt,84263,173319
BS-EQ-0014-T2-replacement_TCRB.tsv.txt,232073,311382
BS-EQ-21-T1-replacement_TCRB.tsv.txt,94293,177332
INCOV040-BL-3_TCRB.tsv.txt,294816,547532
KH20-09960_TCRB.tsv.txt,289897,553997
INCOV077-BL-3_TCRB.tsv.txt,532918,857371
1030_TCRB.tsv.txt,90692,158610
BS-SPECIAL-1-T2_TCRB.tsv.txt,118737,202987
KH20-11682_TCRB.tsv.txt,162315,237038
1010_TCRB.tsv.txt,134079,390406
860011219_TCRB.tsv.txt,317078,554252
ADIRP0000247_TCRB.tsv.txt,477608,820498
1014_TCRB.tsv.txt,146942,481057
KH20-09701_TCRB.tsv.txt,169256,481940
860011119_TCRB.tsv.txt,453798,1175650
BS-EQ-25-T1_BS-GIGI-71-replacement_TCRB.tsv.txt,4550,7815
BS-EQ-38-T1_BS-GIGI-117-replacement_TCRB.tsv.txt,122721,183344
KH20-11303_TCRB.tsv.txt,71335,141334
ADIRP0000868_TCRB.tsv.txt,301252,485681
550041349_TCRB.tsv.txt,164166,323953
860011278_TCRB.tsv.txt,193488,400717
1222568BW_TCRB.tsv.txt,399825,723853
KH20-09715_TCRB.tsv.txt,263047,435802
KHBR20-00115_TCRB.tsv.txt,422577,1020174
ADIRP0000422_TCRB.tsv.txt,508317,686723
BS-EQ-10-T2-replacement_TCRB.tsv.txt,104993,168786
INCOV069-BL-3_TCRB.tsv.txt,106858,325413
550040014_TCRB.tsv.txt,43075,101117
860011339_TCRB.tsv.txt,169252,298416
KH20-09998_TCRB.tsv.txt,173940,213032
KHBR20-00086_TCRB.tsv.txt,297659,355680
KH20-09734_TCRB.tsv.txt,135994,221424
KH20-09988_TCRB.tsv.txt,22255,194383
KH20-09711_TCRB.tsv.txt,341186,487547
KH20-09740_TCRB.tsv.txt,307535,1563122
BS-HS-206_TCRB.tsv.txt,361482,525492
INCOV068-BL-3_TCRB.tsv.txt,493175,710064
860011496_TCRB.tsv.txt,229712,285339
KHBR20-00137_TCRB.tsv.txt,87997,675169
860011223_TCRB.tsv.txt,388379,971523
INCOV034-AC-3_TCRB.tsv.txt,229542,609185
KH20-11812_TCRB.tsv.txt,258034,409383
1564208BW_TCRB.tsv.txt,435727,731305
550042567_TCRB.tsv.txt,78311,307748
BS-HS-41_TCRB.tsv.txt,93236,122923
INCOV004-BL-5_TCRB.tsv.txt,33566,129832
BS-EQ-15-T1-replacement_TCRB.tsv.txt,126830,222932
ADIRP0001121_TCRB.tsv.txt,299390,1135400
KHBR20-00096_TCRB.tsv.txt,108629,150783
1566512BW_TCRB.tsv.txt,426159,660993
860011304_TCRB.tsv.txt,262021,430887
INCOV069-AC-3_TCRB.tsv.txt,150291,835165
KHBR20-00191_TCRB.tsv.txt,275108,534172
BS-GIGI_61-replacement_TCRB.tsv.txt,85973,123079
BS-HS-194_TCRB.tsv.txt,191420,336887
1006_TCRB.tsv.txt,9010,15479
BS-EQ-35-T1_BS-GIGI-65-replacement_TCRB.tsv.txt,70712,200744
KH20-09749_TCRB.tsv.txt,184542,243649
INCOV073-BL-3_TCRB.tsv.txt,187059,277151
KH20-09737_TCRB.tsv.txt,278330,422772
860011392_TCRB.tsv.txt,422161,679349
860011357_TCRB.tsv.txt,221473,1744232
INCOV013-CV-3_TCRB.tsv.txt,111904,272291
KH20-09702_TCRB.tsv.txt,325561,522763
INCOV043-AC-3_TCRB.tsv.txt,511174,1052451
860011228_TCRB.tsv.txt,217013,664275
KHBR20-00173_TCRB.tsv.txt,119190,274624
860011489_TCRB.tsv.txt,63441,297547
ADIRP0001145_TCRB.tsv.txt,575998,934495
1132289BW_TCRB.tsv.txt,460353,699679
ADIRP0000739_TCRB.tsv.txt,633195,922088
KH20-09959_TCRB.tsv.txt,125527,155640
KHBR20-00078_TCRB.tsv.txt,143630,581309
KH20-11640_TCRB.tsv.txt,102954,229101
ADIRP0000251_TCRB.tsv.txt,237743,311283
BS-EQ-36-T1-replacement_TCRB.tsv.txt,147140,196020
BS-HS-128_TCRB.tsv.txt,60378,102805
860011241_TCRB.tsv.txt,188957,425512
860011128_TCRB.tsv.txt,322274,492049
INCOV030-AC-3_TCRB.tsv.txt,88020,130915
KHBR20-00185_TCRB.tsv.txt,101212,141184
KH20-09694_TCRB.tsv.txt,162801,199374
KHBR20-00095_TCRB.tsv.txt,332037,1467803
860011277_TCRB.tsv.txt,26170,111598
INCOV024-AC-3_TCRB.tsv.txt,210286,325757
BS-GIGI_91-replacement_TCRB.tsv.txt,104006,229580
BS-GIGI_55-replacement_TCRB.tsv.txt,99341,128488
550043980_TCRB.tsv.txt,132231,1404673
KH20-09957_TCRB.tsv.txt,33543,62392
KH20-09751_TCRB.tsv.txt,42826,90389
INCOV023-CV-3_TCRB.tsv.txt,519157,964813
KH20-09725_TCRB.tsv.txt,190613,338697
KH20-11666_TCRB.tsv.txt,373646,574822
KH20-09967_TCRB.tsv.txt,207785,517588
ADIRP0002343_TCRB.tsv.txt,265464,450916
ADIRP0002058_TCRB.tsv.txt,420681,849570
P0008111_TCRB.tsv.txt,75173,87115
INCOV026-BL-3_TCRB.tsv.txt,363014,411474
1566829BW_TCRB.tsv.txt,475350,769501
BS-HS-36_TCRB.tsv.txt,268403,363400
BS-EQ-19-T0-replacement_TCRB.tsv.txt,127257,175267
ADIRP0001479_TCRB.tsv.txt,590393,761380
860011319_TCRB.tsv.txt,91381,468588
ADIRP0002427_TCRB.tsv.txt,92232,166260
KHBR20-00093_TCRB.tsv.txt,28763,41100
860011112_TCRB.tsv.txt,113041,169732
KH20-09670_TCRB.tsv.txt,55729,116693
ADIRP0000355_TCRB.tsv.txt,186978,286139
ADIRP0001841_TCRB.tsv.txt,414972,766595
ADIRP0001328_TCRB.tsv.txt,301575,626721
INCOV079-BL-3_TCRB.tsv.txt,164345,217526
BS-HS-70_TCRB.tsv.txt,21442,33547
860011246_TCRB.tsv.txt,166537,370966
ADIRP0000351_TCRB.tsv.txt,255546,426273
KHBR20-00183_TCRB.tsv.txt,228170,306663
KH20-09962_TCRB.tsv.txt,148059,297555
BS-HS-0202_TCRB.tsv.txt,109110,211399
1003_TCRB.tsv.txt,212980,711750
860011226_TCRB.tsv.txt,334500,654855
KH20-09707_TCRB.tsv.txt,425036,614469
KH20-09698_TCRB.tsv.txt,69531,224158
860011114_TCRB.tsv.txt,437311,841769
KH20-09997_TCRB.tsv.txt,93481,132885
KH20-11291_TCRB.tsv.txt,183150,306528
860011340_TCRB.tsv.txt,488329,810026
550042542_TCRB.tsv.txt,374394,559994
BS-HS-0195_TCRB.tsv.txt,154474,219124
BS-GIGI_39-replacement_TCRB.tsv.txt,45058,205900
KH20-09683_TCRB.tsv.txt,308334,400264
BS-HS-17_TCRB.tsv.txt,20062,28591
1321-CF-243_TCRB.tsv.txt,140629,379183
INCOV033-AC-3_TCRB.tsv.txt,28724,138509
550044029_TCRB.tsv.txt,409047,1153896
ADIRP0001289_TCRB.tsv.txt,444106,881495
ADIRP0001786_TCRB.tsv.txt,389597,803415
INCOV053-BL-3_TCRB.tsv.txt,94875,220329
BS-EQ-0018-T0-replacement_TCRB.tsv.txt,29924,62401
BS-EQ-28-T1-replacement_TCRB.tsv.txt,136458,189527
860011491_TCRB.tsv.txt,149651,227236
INCOV016-CV-3_TCRB.tsv.txt,253606,613381
1328-CM-933_TCRB.tsv.txt,138997,311204
ADIRP0001221_TCRB.tsv.txt,627548,825294
BS-GIGI_96-replacement_TCRB.tsv.txt,39774,48997
860011345_TCRB.tsv.txt,146666,336426
KHBR20-00157_TCRB.tsv.txt,63786,111683
860011115_TCRB.tsv.txt,270403,357891
860011105_TCRB.tsv.txt,98005,677031
1016-DMA-567_TCRB.tsv.txt,107172,218883
KHBR20-00184_TCRB.tsv.txt,233912,291557
BS-GIGI_40-replacement_TCRB.tsv.txt,105532,178668
KH20-09733_TCRB.tsv.txt,132868,897918
1045_TCRB.tsv.txt,23994,81587
KHBR20-00168_TCRB.tsv.txt,117053,148337
860011342_TCRB.tsv.txt,161008,741451
BS-EQ-43-T2-replacement_TCRB.tsv.txt,124692,196368
BS-HS-186_TCRB.tsv.txt,46622,98187
860011498_TCRB.tsv.txt,97927,188970
KHBR20-00083_TCRB.tsv.txt,106251,126355
KH20-09723_TCRB.tsv.txt,266055,535876
BS-HS-182_TCRB.tsv.txt,77689,131950
KH20-11660_TCRB.tsv.txt,224075,381912
KH20-11639_TCRB.tsv.txt,126047,367920
INCOV019-BL-5_TCRB.tsv.txt,195720,416315
KH20-09752_TCRB.tsv.txt,75880,635362
1059_TCRB.tsv.txt,166008,1091666
860011279_TCRB.tsv.txt,163625,382550
ADIR0000014_TCRB.tsv.txt,362334,647498
BS-EQ-23-T1-replacement_TCRB.tsv.txt,70612,118876
860011308_TCRB.tsv.txt,247681,468247
INCOV017-AC-5_TCRB.tsv.txt,146300,274089
1032_TCRB.tsv.txt,136601,371740
KHBR20-00153_TCRB.tsv.txt,115385,171136
KH20-09970_TCRB.tsv.txt,53396,79529
550044028_TCRB.tsv.txt,197915,455497
860011244_TCRB.tsv.txt,64914,379181
KHBR20-00092_TCRB.tsv.txt,393320,558295
BS-HS-28_TCRB.tsv.txt,33935,58514
860011329_TCRB.tsv.txt,102619,1668395
BS-GIGI_20-replacement_TCRB.tsv.txt,52059,162018
476909BW_TCRB.tsv.txt,368435,1060370
1038_TCRB.tsv.txt,228999,706273
BS-GIGI_87-replacement_TCRB.tsv.txt,58339,112889
KH20-11701_TCRB.tsv.txt,227304,513941
ADIRP0001207_TCRB.tsv.txt,269069,502953
860011262_TCRB.tsv.txt,374155,559171
KHBR20-00112_TCRB.tsv.txt,103325,126409
BS-EQ-0011-T1-replacement_TCRB.tsv.txt,46484,94160
INCOV041-BL-3_TCRB.tsv.txt,68207,94596
BS-GIGI_19-replacement_TCRB.tsv.txt,97808,212814
BS-GIGI_82-replacement_TCRB.tsv.txt,75333,285333
KH20-09987_TCRB.tsv.txt,73680,738996
KH20-11645_TCRB.tsv.txt,67239,486596
ADIRP0000618_TCRB.tsv.txt,759349,993433
ADIRP0001903_TCRB.tsv.txt,369936,492951
550042259_TCRB.tsv.txt,130480,529927
KHBR20-00094_TCRB.tsv.txt,136113,203752
INCOV056-AC-3_TCRB.tsv.txt,701771,996285
ADRIP00000961_TCRB.tsv.txt,249462,456161
INCOV035-BL-3_TCRB.tsv.txt,224445,357785
KHBR20-00100_TCRB.tsv.txt,259568,368130
550042272_TCRB.tsv.txt,390046,517889
INCOV042-AC-3_TCRB.tsv.txt,300470,360985
550043936-1_TCRB.tsv.txt,506439,721056
550043997_TCRB.tsv.txt,261478,413857
KHBR20-00120_TCRB.tsv.txt,181267,407359
KH20-11686_TCRB.tsv.txt,360600,658369
860011284_TCRB.tsv.txt,426218,1152256
KHBR20-00098_TCRB.tsv.txt,53471,85700
KH20-09704_TCRB.tsv.txt,181553,362471
KH20-09716_TCRB.tsv.txt,569057,808527
